-- phpMyAdmin SQL Dump
-- version 3.5.1
-- http://www.phpmyadmin.net
--
-- Host: localhost
-- Generato il: Gen 07, 2014 alle 15:29
-- Versione del server: 5.5.24-log
-- Versione PHP: 5.4.3

SET SQL_MODE="NO_AUTO_VALUE_ON_ZERO";
SET time_zone = "+00:00";


/*!40101 SET @OLD_CHARACTER_SET_CLIENT=@@CHARACTER_SET_CLIENT */;
/*!40101 SET @OLD_CHARACTER_SET_RESULTS=@@CHARACTER_SET_RESULTS */;
/*!40101 SET @OLD_COLLATION_CONNECTION=@@COLLATION_CONNECTION */;
/*!40101 SET NAMES utf8 */;

--
-- Database: `centro_scommesse`
--

-- --------------------------------------------------------

--
-- Struttura della tabella `clienti`
--

CREATE TABLE IF NOT EXISTS `clienti` (
  `ID_cliente` int(11) NOT NULL AUTO_INCREMENT,
  `Nome` varchar(60) COLLATE utf8_unicode_ci NOT NULL,
  `Cognome` varchar(60) COLLATE utf8_unicode_ci NOT NULL,
  `DataNascita` date NOT NULL,
  `email` varchar(60) COLLATE utf8_unicode_ci NOT NULL,
  `Password` varchar(32) COLLATE utf8_unicode_ci NOT NULL,
  PRIMARY KEY (`ID_cliente`)
) ENGINE=InnoDB  DEFAULT CHARSET=utf8 COLLATE=utf8_unicode_ci AUTO_INCREMENT=3 ;

--
-- Dump dei dati per la tabella `clienti`
--

INSERT INTO `clienti` (`ID_cliente`, `Nome`, `Cognome`, `DataNascita`, `email`, `Password`) VALUES
(1, 'Andrea', 'Faraone', '2012-10-10', 'andrea@faraone.it', '9cdfb439c7876e703e307864c9167a15');

-- --------------------------------------------------------

--
-- Struttura della tabella `competizioni`
--

CREATE TABLE IF NOT EXISTS `competizioni` (
  `ID_competizione` int(11) NOT NULL AUTO_INCREMENT,
  `Nome` varchar(50) COLLATE utf8_unicode_ci NOT NULL,
  `Note` varchar(300) COLLATE utf8_unicode_ci DEFAULT NULL,
  PRIMARY KEY (`ID_competizione`)
) ENGINE=InnoDB  DEFAULT CHARSET=utf8 COLLATE=utf8_unicode_ci AUTO_INCREMENT=4 ;

--
-- Dump dei dati per la tabella `competizioni`
--

INSERT INTO `competizioni` (`ID_competizione`, `Nome`, `Note`) VALUES
(1, 'Campionato Italiano 13/14', 'Serie A Tim'),
(2, 'Campionato Spagnolo 13/14', 'La Liga'),
(3, 'Campionato Inglese 13/14', 'Premier League');

-- --------------------------------------------------------

--
-- Struttura della tabella `conti`
--

CREATE TABLE IF NOT EXISTS `conti` (
  `ID_conto` int(11) NOT NULL AUTO_INCREMENT,
  `ID_cliente` int(11) NOT NULL,
  PRIMARY KEY (`ID_conto`)
) ENGINE=InnoDB  DEFAULT CHARSET=utf8 COLLATE=utf8_unicode_ci AUTO_INCREMENT=2 ;

--
-- Dump dei dati per la tabella `conti`
--

INSERT INTO `conti` (`ID_conto`, `ID_cliente`) VALUES
(1, 3);

-- --------------------------------------------------------

--
-- Struttura della tabella `eventi`
--

CREATE TABLE IF NOT EXISTS `eventi` (
  `ID_evento` int(11) NOT NULL AUTO_INCREMENT,
  `ID_competizione` int(11) NOT NULL,
  `ID_fase` int(11) NOT NULL,
  `Data` timestamp NOT NULL DEFAULT CURRENT_TIMESTAMP ON UPDATE CURRENT_TIMESTAMP,
  `Squadra_casa` varchar(20) COLLATE utf8_unicode_ci NOT NULL,
  `Squadra_ospite` varchar(20) COLLATE utf8_unicode_ci NOT NULL,
  `Risultato` varchar(20) COLLATE utf8_unicode_ci NOT NULL,
  PRIMARY KEY (`ID_evento`)
) ENGINE=InnoDB  DEFAULT CHARSET=utf8 COLLATE=utf8_unicode_ci AUTO_INCREMENT=1141 ;

--
-- Dump dei dati per la tabella `eventi`
--

INSERT INTO `eventi` (`ID_evento`, `ID_competizione`, `ID_fase`, `Data`, `Squadra_casa`, `Squadra_ospite`, `Risultato`) VALUES
(1, 1, 5, '2013-08-24 16:00:00', 'Verona', 'AC Milan', '2 - 1'),
(2, 1, 5, '2013-08-24 18:45:00', 'Sampdoria', 'Juventus', '0 - 1'),
(3, 1, 5, '2013-08-25 16:00:00', 'Inter', 'Genoa', '2 - 0'),
(4, 1, 5, '2013-08-25 18:45:00', 'Lazio', 'Udinese', '2 - 1'),
(5, 1, 5, '2013-08-25 18:45:00', 'Livorno', 'AS Roma', '0 - 2'),
(6, 1, 5, '2013-08-25 18:45:00', 'Napoli', 'Bologna', '3 - 0'),
(7, 1, 5, '2013-08-25 18:45:00', 'Parma', 'Chievo', '0 - 0'),
(8, 1, 5, '2013-08-25 18:45:00', 'Torino', 'Sassuolo', '2 - 0'),
(9, 1, 5, '2013-08-25 18:45:00', 'Cagliari', 'Atalanta', '2 - 1'),
(10, 1, 5, '2013-08-26 18:45:00', 'Fiorentina', 'Catania', '2 - 1'),
(11, 1, 6, '2013-08-31 16:00:00', 'Chievo', 'Napoli', '2 - 4'),
(12, 1, 6, '2013-08-31 18:45:00', 'Juventus', 'Lazio', '4 - 1'),
(13, 1, 6, '2013-09-01 16:00:00', 'AS Roma', 'Verona', '3 - 0'),
(14, 1, 6, '2013-09-01 18:45:00', 'Sassuolo', 'Livorno', '1 - 4'),
(15, 1, 6, '2013-09-01 18:45:00', 'Udinese', 'Parma', '3 - 1'),
(16, 1, 6, '2013-09-01 18:45:00', 'AC Milan', 'Cagliari', '3 - 1'),
(17, 1, 6, '2013-09-01 18:45:00', 'Genoa', 'Fiorentina', '2 - 5'),
(18, 1, 6, '2013-09-01 18:45:00', 'Atalanta', 'Torino', '2 - 0'),
(19, 1, 6, '2013-09-01 18:45:00', 'Bologna', 'Sampdoria', '2 - 2'),
(20, 1, 6, '2013-09-01 18:45:00', 'Catania', 'Inter', '0 - 3'),
(21, 1, 7, '2013-09-14 16:00:00', 'Inter', 'Juventus', '1 - 1'),
(22, 1, 7, '2013-09-14 18:45:00', 'Napoli', 'Atalanta', '2 - 0'),
(23, 1, 7, '2013-09-14 18:45:00', 'Torino', 'AC Milan', '2 - 2'),
(24, 1, 7, '2013-09-15 10:30:00', 'Fiorentina', 'Cagliari', '1 - 1'),
(25, 1, 7, '2013-09-15 13:00:00', 'Lazio', 'Chievo', '3 - 0'),
(26, 1, 7, '2013-09-15 13:00:00', 'Livorno', 'Catania', '2 - 0'),
(27, 1, 7, '2013-09-15 13:00:00', 'Udinese', 'Bologna', '1 - 1'),
(28, 1, 7, '2013-09-15 13:00:00', 'Verona', 'Sassuolo', '2 - 0'),
(29, 1, 7, '2013-09-15 18:45:00', 'Sampdoria', 'Genoa', '0 - 3'),
(30, 1, 7, '2013-09-16 18:45:00', 'Parma', 'AS Roma', '1 - 3'),
(31, 1, 8, '2013-09-21 16:00:00', 'Chievo', 'Udinese', '2 - 1'),
(32, 1, 8, '2013-09-21 16:00:00', 'Cagliari', 'Sampdoria', '2 - 2'),
(33, 1, 8, '2013-09-21 18:45:00', 'Genoa', 'Livorno', '0 - 0'),
(34, 1, 8, '2013-09-22 10:30:00', 'Sassuolo', 'Inter', '0 - 7'),
(35, 1, 8, '2013-09-22 13:00:00', 'Catania', 'Parma', '0 - 0'),
(36, 1, 8, '2013-09-22 13:00:00', 'AS Roma', 'Lazio', '2 - 0'),
(37, 1, 8, '2013-09-22 13:00:00', 'Juventus', 'Verona', '2 - 1'),
(38, 1, 8, '2013-09-22 13:00:00', 'Atalanta', 'Fiorentina', '0 - 2'),
(39, 1, 8, '2013-09-22 13:00:00', 'Bologna', 'Torino', '1 - 2'),
(40, 1, 8, '2013-09-22 18:45:00', 'AC Milan', 'Napoli', '1 - 2'),
(41, 1, 9, '2013-09-24 18:45:00', 'Udinese', 'Genoa', '1 - 0'),
(42, 1, 9, '2013-09-25 18:45:00', 'Lazio', 'Catania', '3 - 1'),
(43, 1, 9, '2013-09-25 18:45:00', 'Livorno', 'Cagliari', '1 - 1'),
(44, 1, 9, '2013-09-25 18:45:00', 'Napoli', 'Sassuolo', '1 - 1'),
(45, 1, 9, '2013-09-25 18:45:00', 'Parma', 'Atalanta', '4 - 3'),
(46, 1, 9, '2013-09-25 18:45:00', 'Sampdoria', 'AS Roma', '0 - 2'),
(47, 1, 9, '2013-09-25 18:45:00', 'Torino', 'Verona', '2 - 2'),
(48, 1, 9, '2013-09-25 18:45:00', 'Bologna', 'AC Milan', '3 - 3'),
(49, 1, 9, '2013-09-25 18:45:00', 'Chievo', 'Juventus', '1 - 2'),
(50, 1, 9, '2013-09-26 18:45:00', 'Inter', 'Fiorentina', '2 - 1'),
(51, 1, 10, '2013-09-28 16:00:00', 'Genoa', 'Napoli', '0 - 2'),
(52, 1, 10, '2013-09-28 18:45:00', 'AC Milan', 'Sampdoria', '1 - 0'),
(53, 1, 10, '2013-09-29 10:30:00', 'Torino', 'Juventus', '0 - 1'),
(54, 1, 10, '2013-09-29 13:00:00', 'Verona', 'Livorno', '2 - 1'),
(55, 1, 10, '2013-09-29 13:00:00', 'Atalanta', 'Udinese', '2 - 0'),
(56, 1, 10, '2013-09-29 13:00:00', 'Cagliari', 'Inter', '1 - 1'),
(57, 1, 10, '2013-09-29 13:00:00', 'Catania', 'Chievo', '2 - 0'),
(58, 1, 10, '2013-09-29 13:00:00', 'Sassuolo', 'Lazio', '2 - 2'),
(59, 1, 10, '2013-09-29 18:45:00', 'AS Roma', 'Bologna', '5 - 0'),
(60, 1, 10, '2013-09-30 18:45:00', 'Fiorentina', 'Parma', '2 - 2'),
(61, 1, 11, '2013-10-05 16:00:00', 'Chievo', 'Atalanta', '0 - 1'),
(62, 1, 11, '2013-10-05 18:45:00', 'Inter', 'AS Roma', '0 - 3'),
(63, 1, 11, '2013-10-06 10:30:00', 'Parma', 'Sassuolo', '3 - 1'),
(64, 1, 11, '2013-10-06 13:00:00', 'Sampdoria', 'Torino', '2 - 2'),
(65, 1, 11, '2013-10-06 13:00:00', 'Udinese', 'Cagliari', '2 - 0'),
(66, 1, 11, '2013-10-06 13:00:00', 'Catania', 'Genoa', '1 - 1'),
(67, 1, 11, '2013-10-06 13:00:00', 'Napoli', 'Livorno', '4 - 0'),
(68, 1, 11, '2013-10-06 13:20:00', 'Bologna', 'Verona', '1 - 4'),
(69, 1, 11, '2013-10-06 18:45:00', 'Juventus', 'AC Milan', '3 - 2'),
(70, 1, 11, '2013-10-06 18:45:00', 'Lazio', 'Fiorentina', '0 - 0'),
(71, 1, 12, '2013-10-18 18:45:00', 'AS Roma', 'Napoli', '2 - 0'),
(72, 1, 12, '2013-10-19 16:00:00', 'Cagliari', 'Catania', '2 - 1'),
(73, 1, 12, '2013-10-19 18:45:00', 'AC Milan', 'Udinese', '1 - 0'),
(74, 1, 12, '2013-10-20 10:30:00', 'Atalanta', 'Lazio', '2 - 1'),
(75, 1, 12, '2013-10-20 13:00:00', 'Fiorentina', 'Juventus', '4 - 2'),
(76, 1, 12, '2013-10-20 13:00:00', 'Genoa', 'Chievo', '2 - 1'),
(77, 1, 12, '2013-10-20 13:00:00', 'Livorno', 'Sampdoria', '1 - 2'),
(78, 1, 12, '2013-10-20 13:00:00', 'Verona', 'Parma', '3 - 2'),
(79, 1, 12, '2013-10-20 13:00:00', 'Sassuolo', 'Bologna', '2 - 1'),
(80, 1, 12, '2013-10-20 18:45:00', 'Torino', 'Inter', '3 - 3'),
(81, 1, 13, '2013-10-26 16:00:00', 'Sampdoria', 'Atalanta', '1 - 0'),
(82, 1, 13, '2013-10-26 18:45:00', 'Inter', 'Verona', '4 - 2'),
(83, 1, 13, '2013-10-27 11:30:00', 'Napoli', 'Torino', '2 - 0'),
(84, 1, 13, '2013-10-27 14:00:00', 'Parma', 'AC Milan', '3 - 2'),
(85, 1, 13, '2013-10-27 14:00:00', 'Juventus', 'Genoa', '2 - 0'),
(86, 1, 13, '2013-10-27 14:00:00', 'Udinese', 'AS Roma', '0 - 1'),
(87, 1, 13, '2013-10-27 14:00:00', 'Bologna', 'Livorno', '1 - 0'),
(88, 1, 13, '2013-10-27 14:00:00', 'Catania', 'Sassuolo', '0 - 0'),
(89, 1, 13, '2013-10-27 14:00:00', 'Chievo', 'Fiorentina', '1 - 2'),
(90, 1, 13, '2013-10-27 19:45:00', 'Lazio', 'Cagliari', '2 - 0'),
(91, 1, 14, '2013-10-29 19:45:00', 'Atalanta', 'Inter', '1 - 1'),
(92, 1, 14, '2013-10-30 19:45:00', 'Cagliari', 'Bologna', '0 - 3'),
(93, 1, 14, '2013-10-30 19:45:00', 'Fiorentina', 'Napoli', '1 - 2'),
(94, 1, 14, '2013-10-30 19:45:00', 'Genoa', 'Parma', '1 - 0'),
(95, 1, 14, '2013-10-30 19:45:00', 'Juventus', 'Catania', '4 - 0'),
(96, 1, 14, '2013-10-30 19:45:00', 'Livorno', 'Torino', '3 - 3'),
(97, 1, 14, '2013-10-30 19:45:00', 'AC Milan', 'Lazio', '1 - 1'),
(98, 1, 14, '2013-10-30 19:45:00', 'Sassuolo', 'Udinese', '1 - 2'),
(99, 1, 14, '2013-10-30 19:45:00', 'Verona', 'Sampdoria', '2 - 0'),
(100, 1, 14, '2013-10-31 19:45:00', 'AS Roma', 'Chievo', '1 - 0'),
(101, 1, 15, '2013-11-02 17:00:00', 'Parma', 'Juventus', '0 - 1'),
(102, 1, 15, '2013-11-02 19:45:00', 'AC Milan', 'Fiorentina', '0 - 2'),
(103, 1, 15, '2013-11-02 19:45:00', 'Napoli', 'Catania', '2 - 1'),
(104, 1, 15, '2013-11-03 11:30:00', 'Livorno', 'Atalanta', '1 - 0'),
(105, 1, 15, '2013-11-03 14:00:00', 'Lazio', 'Genoa', '0 - 2'),
(106, 1, 15, '2013-11-03 14:00:00', 'Udinese', 'Inter', '0 - 3'),
(107, 1, 15, '2013-11-03 14:00:00', 'Verona', 'Cagliari', '2 - 1'),
(108, 1, 15, '2013-11-03 14:00:00', 'Sampdoria', 'Sassuolo', '3 - 4'),
(109, 1, 15, '2013-11-03 19:45:00', 'Torino', 'AS Roma', '1 - 1'),
(110, 1, 15, '2013-11-04 19:45:00', 'Bologna', 'Chievo', '0 - 0'),
(111, 1, 16, '2013-12-06 10:50:02', 'Catania', 'Udinese', '1 - 0'),
(112, 1, 16, '2013-12-06 10:50:07', 'Inter', 'Livorno', '2 - 0'),
(113, 1, 16, '2013-12-06 10:50:16', 'Genoa', 'Verona', '2 - 0'),
(114, 1, 16, '2013-12-06 10:49:40', 'Parma', 'Lazio', '1 - 1'),
(115, 1, 16, '2013-12-06 10:49:33', 'AS Roma', 'Sassuolo', '1 - 1'),
(116, 1, 16, '2013-12-06 10:49:28', 'Chievo', 'AC Milan', '0 - 0'),
(117, 1, 16, '2013-12-06 10:50:24', 'Atalanta', 'Bologna', '2 - 1'),
(118, 1, 16, '2013-12-06 10:49:11', 'Cagliari', 'Torino', '2 - 1'),
(119, 1, 16, '2013-12-06 10:48:56', 'Fiorentina', 'Sampdoria', '2 - 1'),
(120, 1, 16, '2013-12-06 10:48:51', 'Juventus', 'Napoli', '3 - 0'),
(121, 1, 17, '2013-12-06 10:48:21', 'Verona', 'Chievo', '0 - 1'),
(122, 1, 17, '2013-12-06 10:48:17', 'AC Milan', 'Genoa', '1 - 1'),
(123, 1, 17, '2013-12-06 10:48:05', 'Napoli', 'Parma', '0 - 1'),
(124, 1, 17, '2013-12-06 10:47:59', 'Livorno', 'Juventus', '0 - 2'),
(125, 1, 17, '2013-12-06 10:47:53', 'Sampdoria', 'Lazio', '1 - 1'),
(126, 1, 17, '2013-12-06 10:47:46', 'Sassuolo', 'Atalanta', '2 - 0'),
(127, 1, 17, '2013-12-06 10:47:34', 'Torino', 'Catania', '4 - 1'),
(128, 1, 17, '2013-12-06 10:47:27', 'Udinese', 'Fiorentina', '1 - 0'),
(129, 1, 17, '2013-12-06 10:47:22', 'Bologna', 'Inter', '1 - 1'),
(130, 1, 17, '2013-12-06 10:47:13', 'AS Roma', 'Cagliari', '0 - 0'),
(131, 1, 18, '2013-12-06 10:46:49', 'Parma', 'Bologna', '1 - 1'),
(132, 1, 18, '2013-12-06 10:46:41', 'Genoa', 'Torino', '1 - 1'),
(133, 1, 18, '2013-12-06 10:46:25', 'Catania', 'AC Milan', '1 - 3'),
(134, 1, 18, '2013-12-06 10:46:16', 'Chievo', 'Livorno', '3 - 0'),
(135, 1, 18, '2013-12-06 10:46:04', 'Atalanta', 'AS Roma', '1 - 1'),
(136, 1, 18, '2013-12-06 10:45:48', 'Cagliari', 'Sassuolo', '2 - 2'),
(137, 1, 18, '2013-12-06 10:45:42', 'Inter', 'Sampdoria', '1 - 1'),
(138, 1, 18, '2013-12-06 10:45:33', 'Juventus', 'Udinese', '1 - 0'),
(139, 1, 18, '2013-12-06 10:45:28', 'Fiorentina', 'Verona', '4 - 3'),
(140, 1, 18, '2013-12-06 10:45:15', 'Lazio', 'Napoli', '2 - 4'),
(141, 1, 19, '2013-12-06 19:45:00', 'Bologna', 'Juventus', '-'),
(142, 1, 19, '2013-12-07 17:00:00', 'Livorno', 'AC Milan', '-'),
(143, 1, 19, '2013-12-07 19:45:00', 'Napoli', 'Udinese', '-'),
(144, 1, 19, '2013-12-08 11:30:00', 'AS Roma', 'Fiorentina', '-'),
(145, 1, 19, '2013-12-08 14:00:00', 'Sampdoria', 'Catania', '-'),
(146, 1, 19, '2013-12-08 14:00:00', 'Sassuolo', 'Chievo', '-'),
(147, 1, 19, '2013-12-08 14:00:00', 'Torino', 'Lazio', '-'),
(148, 1, 19, '2013-12-08 14:00:00', 'Verona', 'Atalanta', '-'),
(149, 1, 19, '2013-12-08 14:00:00', 'Cagliari', 'Genoa', '-'),
(150, 1, 19, '2013-12-06 10:44:50', 'Inter', 'Parma', '-'),
(151, 1, 20, '2013-12-14 17:00:00', 'Catania', 'Verona', '-'),
(152, 1, 20, '2013-12-14 19:45:00', 'Juventus', 'Sassuolo', '-'),
(153, 1, 20, '2013-12-15 14:00:00', 'Lazio', 'Livorno', '-'),
(154, 1, 20, '2013-12-15 14:00:00', 'Parma', 'Cagliari', '-'),
(155, 1, 20, '2013-12-15 14:00:00', 'Udinese', 'Torino', '-'),
(156, 1, 20, '2013-12-15 14:00:00', 'Chievo', 'Sampdoria', '-'),
(157, 1, 20, '2013-12-15 14:00:00', 'Fiorentina', 'Bologna', '-'),
(158, 1, 20, '2013-12-15 14:00:00', 'Genoa', 'Atalanta', '-'),
(159, 1, 20, '2013-12-15 19:45:00', 'Napoli', 'Inter', '-'),
(160, 1, 20, '2013-12-16 19:45:00', 'AC Milan', 'AS Roma', '-'),
(161, 1, 21, '2013-12-21 17:00:00', 'Livorno', 'Udinese', '-'),
(162, 1, 21, '2013-12-21 19:45:00', 'Cagliari', 'Napoli', '-'),
(163, 1, 21, '2013-12-22 11:30:00', 'Bologna', 'Genoa', '-'),
(164, 1, 21, '2013-12-22 14:00:00', 'Atalanta', 'Juventus', '-'),
(165, 1, 21, '2013-12-22 14:00:00', 'AS Roma', 'Catania', '-'),
(166, 1, 21, '2013-12-22 14:00:00', 'Sampdoria', 'Parma', '-'),
(167, 1, 21, '2013-12-22 14:00:00', 'Sassuolo', 'Fiorentina', '-'),
(168, 1, 21, '2013-12-22 14:00:00', 'Torino', 'Chievo', '-'),
(169, 1, 21, '2013-12-22 14:00:00', 'Verona', 'Lazio', '-'),
(170, 1, 21, '2013-12-22 19:45:00', 'Inter', 'AC Milan', '-'),
(171, 1, 22, '2014-01-06 14:00:00', 'Catania', 'Bologna', '-'),
(172, 1, 22, '2014-01-06 14:00:00', 'Chievo', 'Cagliari', '-'),
(173, 1, 22, '2014-01-06 14:00:00', 'Fiorentina', 'Livorno', '-'),
(174, 1, 22, '2014-01-06 14:00:00', 'Genoa', 'Sassuolo', '-'),
(175, 1, 22, '2014-01-06 14:00:00', 'Juventus', 'AS Roma', '-'),
(176, 1, 22, '2014-01-06 14:00:00', 'Lazio', 'Inter', '-'),
(177, 1, 22, '2014-01-06 14:00:00', 'AC Milan', 'Atalanta', '-'),
(178, 1, 22, '2014-01-06 14:00:00', 'Napoli', 'Sampdoria', '-'),
(179, 1, 22, '2014-01-06 14:00:00', 'Parma', 'Torino', '-'),
(180, 1, 22, '2014-01-06 14:00:00', 'Udinese', 'Verona', '-'),
(181, 1, 23, '2014-01-12 14:00:00', 'Atalanta', 'Catania', '-'),
(182, 1, 23, '2014-01-12 14:00:00', 'Bologna', 'Lazio', '-'),
(183, 1, 23, '2014-01-12 14:00:00', 'Cagliari', 'Juventus', '-'),
(184, 1, 23, '2014-01-12 14:00:00', 'Inter', 'Chievo', '-'),
(185, 1, 23, '2014-01-12 14:00:00', 'Livorno', 'Parma', '-'),
(186, 1, 23, '2014-01-12 14:00:00', 'AS Roma', 'Genoa', '-'),
(187, 1, 23, '2014-01-12 14:00:00', 'Sampdoria', 'Udinese', '-'),
(188, 1, 23, '2014-01-12 14:00:00', 'Sassuolo', 'AC Milan', '-'),
(189, 1, 23, '2014-01-12 14:00:00', 'Torino', 'Fiorentina', '-'),
(190, 1, 23, '2014-01-12 14:00:00', 'Verona', 'Napoli', '-'),
(191, 1, 24, '2014-01-19 14:00:00', 'AC Milan', 'Verona', '-'),
(192, 1, 24, '2014-01-19 14:00:00', 'Juventus', 'Sampdoria', '-'),
(193, 1, 24, '2014-01-19 14:00:00', 'Genoa', 'Inter', '-'),
(194, 1, 24, '2014-01-19 14:00:00', 'Udinese', 'Lazio', '-'),
(195, 1, 24, '2014-01-19 14:00:00', 'AS Roma', 'Livorno', '-'),
(196, 1, 24, '2014-01-19 14:00:00', 'Bologna', 'Napoli', '-'),
(197, 1, 24, '2014-01-19 14:00:00', 'Chievo', 'Parma', '-'),
(198, 1, 24, '2014-01-19 14:00:00', 'Sassuolo', 'Torino', '-'),
(199, 1, 24, '2014-01-19 14:00:00', 'Atalanta', 'Cagliari', '-'),
(200, 1, 24, '2014-01-19 14:00:00', 'Catania', 'Fiorentina', '-'),
(201, 1, 25, '2014-01-26 14:00:00', 'Napoli', 'Chievo', '-'),
(202, 1, 25, '2014-01-26 14:00:00', 'Lazio', 'Juventus', '-'),
(203, 1, 25, '2014-01-26 14:00:00', 'Verona', 'AS Roma', '-'),
(204, 1, 25, '2014-01-26 14:00:00', 'Livorno', 'Sassuolo', '-'),
(205, 1, 25, '2014-01-26 14:00:00', 'Parma', 'Udinese', '-'),
(206, 1, 25, '2014-01-26 14:00:00', 'Cagliari', 'AC Milan', '-'),
(207, 1, 25, '2014-01-26 14:00:00', 'Fiorentina', 'Genoa', '-'),
(208, 1, 25, '2014-01-26 14:00:00', 'Torino', 'Atalanta', '-'),
(209, 1, 25, '2014-01-26 14:00:00', 'Sampdoria', 'Bologna', '-'),
(210, 1, 25, '2014-01-26 14:00:00', 'Inter', 'Catania', '-'),
(211, 1, 26, '2014-02-02 14:00:00', 'Juventus', 'Inter', '-'),
(212, 1, 26, '2014-02-02 14:00:00', 'Atalanta', 'Napoli', '-'),
(213, 1, 26, '2014-02-02 14:00:00', 'AC Milan', 'Torino', '-'),
(214, 1, 26, '2014-02-02 14:00:00', 'Cagliari', 'Fiorentina', '-'),
(215, 1, 26, '2014-02-02 14:00:00', 'Chievo', 'Lazio', '-'),
(216, 1, 26, '2014-02-02 14:00:00', 'Catania', 'Livorno', '-'),
(217, 1, 26, '2014-02-02 14:00:00', 'Bologna', 'Udinese', '-'),
(218, 1, 26, '2014-02-02 14:00:00', 'Sassuolo', 'Verona', '-'),
(219, 1, 26, '2014-02-02 14:00:00', 'Genoa', 'Sampdoria', '-'),
(220, 1, 26, '2014-02-02 14:00:00', 'AS Roma', 'Parma', '-'),
(221, 1, 27, '2014-02-09 14:00:00', 'Udinese', 'Chievo', '-'),
(222, 1, 27, '2014-02-09 14:00:00', 'Sampdoria', 'Cagliari', '-'),
(223, 1, 27, '2014-02-09 14:00:00', 'Livorno', 'Genoa', '-'),
(224, 1, 27, '2014-02-09 14:00:00', 'Inter', 'Sassuolo', '-'),
(225, 1, 27, '2014-02-09 14:00:00', 'Parma', 'Catania', '-'),
(226, 1, 27, '2014-02-09 14:00:00', 'Lazio', 'AS Roma', '-'),
(227, 1, 27, '2014-02-09 14:00:00', 'Verona', 'Juventus', '-'),
(228, 1, 27, '2014-02-09 14:00:00', 'Fiorentina', 'Atalanta', '-'),
(229, 1, 27, '2014-02-09 14:00:00', 'Torino', 'Bologna', '-'),
(230, 1, 27, '2014-02-09 14:00:00', 'Napoli', 'AC Milan', '-'),
(231, 1, 28, '2014-02-16 14:00:00', 'Genoa', 'Udinese', '-'),
(232, 1, 28, '2014-02-16 14:00:00', 'Catania', 'Lazio', '-'),
(233, 1, 28, '2014-02-16 14:00:00', 'Cagliari', 'Livorno', '-'),
(234, 1, 28, '2014-02-16 14:00:00', 'Sassuolo', 'Napoli', '-'),
(235, 1, 28, '2014-02-16 14:00:00', 'Atalanta', 'Parma', '-'),
(236, 1, 28, '2014-02-16 14:00:00', 'AS Roma', 'Sampdoria', '-'),
(237, 1, 28, '2014-02-16 14:00:00', 'Verona', 'Torino', '-'),
(238, 1, 28, '2014-02-16 14:00:00', 'AC Milan', 'Bologna', '-'),
(239, 1, 28, '2014-02-16 14:00:00', 'Juventus', 'Chievo', '-'),
(240, 1, 28, '2014-02-16 14:00:00', 'Fiorentina', 'Inter', '-'),
(241, 1, 29, '2014-02-23 14:00:00', 'Napoli', 'Genoa', '-'),
(242, 1, 29, '2014-02-23 14:00:00', 'Sampdoria', 'AC Milan', '-'),
(243, 1, 29, '2014-02-23 14:00:00', 'Juventus', 'Torino', '-'),
(244, 1, 29, '2014-02-23 14:00:00', 'Livorno', 'Verona', '-'),
(245, 1, 29, '2014-02-23 14:00:00', 'Udinese', 'Atalanta', '-'),
(246, 1, 29, '2014-02-23 14:00:00', 'Inter', 'Cagliari', '-'),
(247, 1, 29, '2014-02-23 14:00:00', 'Chievo', 'Catania', '-'),
(248, 1, 29, '2014-02-23 14:00:00', 'Lazio', 'Sassuolo', '-'),
(249, 1, 29, '2014-02-23 14:00:00', 'Bologna', 'AS Roma', '-'),
(250, 1, 29, '2014-02-23 14:00:00', 'Parma', 'Fiorentina', '-'),
(251, 1, 30, '2014-03-02 14:00:00', 'Atalanta', 'Chievo', '-'),
(252, 1, 30, '2014-03-02 14:00:00', 'AS Roma', 'Inter', '-'),
(253, 1, 30, '2014-03-02 14:00:00', 'Sassuolo', 'Parma', '-'),
(254, 1, 30, '2014-03-02 14:00:00', 'Torino', 'Sampdoria', '-'),
(255, 1, 30, '2014-03-02 14:00:00', 'Cagliari', 'Udinese', '-'),
(256, 1, 30, '2014-03-02 14:00:00', 'Genoa', 'Catania', '-'),
(257, 1, 30, '2014-03-02 14:00:00', 'Livorno', 'Napoli', '-'),
(258, 1, 30, '2014-03-02 14:00:00', 'Verona', 'Bologna', '-'),
(259, 1, 30, '2014-03-02 14:00:00', 'AC Milan', 'Juventus', '-'),
(260, 1, 30, '2014-03-02 14:00:00', 'Fiorentina', 'Lazio', '-'),
(261, 1, 31, '2014-03-09 14:00:00', 'Napoli', 'AS Roma', '-'),
(262, 1, 31, '2014-03-09 14:00:00', 'Catania', 'Cagliari', '-'),
(263, 1, 31, '2014-03-09 14:00:00', 'Udinese', 'AC Milan', '-'),
(264, 1, 31, '2014-03-09 14:00:00', 'Lazio', 'Atalanta', '-'),
(265, 1, 31, '2014-03-09 14:00:00', 'Juventus', 'Fiorentina', '-'),
(266, 1, 31, '2014-03-09 14:00:00', 'Chievo', 'Genoa', '-'),
(267, 1, 31, '2014-03-09 14:00:00', 'Sampdoria', 'Livorno', '-'),
(268, 1, 31, '2014-03-09 14:00:00', 'Parma', 'Verona', '-'),
(269, 1, 31, '2014-03-09 14:00:00', 'Bologna', 'Sassuolo', '-'),
(270, 1, 31, '2014-03-09 14:00:00', 'Inter', 'Torino', '-'),
(271, 1, 32, '2014-03-16 14:00:00', 'Atalanta', 'Sampdoria', '-'),
(272, 1, 32, '2014-03-16 14:00:00', 'Verona', 'Inter', '-'),
(273, 1, 32, '2014-03-16 14:00:00', 'Torino', 'Napoli', '-'),
(274, 1, 32, '2014-03-16 14:00:00', 'AC Milan', 'Parma', '-'),
(275, 1, 32, '2014-03-16 14:00:00', 'Genoa', 'Juventus', '-'),
(276, 1, 32, '2014-03-16 14:00:00', 'AS Roma', 'Udinese', '-'),
(277, 1, 32, '2014-03-16 14:00:00', 'Livorno', 'Bologna', '-'),
(278, 1, 32, '2014-03-16 14:00:00', 'Sassuolo', 'Catania', '-'),
(279, 1, 32, '2014-03-16 14:00:00', 'Fiorentina', 'Chievo', '-'),
(280, 1, 32, '2014-03-16 14:00:00', 'Cagliari', 'Lazio', '-'),
(281, 1, 33, '2014-03-23 14:00:00', 'Inter', 'Atalanta', '-'),
(282, 1, 33, '2014-03-23 14:00:00', 'Bologna', 'Cagliari', '-'),
(283, 1, 33, '2014-03-23 14:00:00', 'Napoli', 'Fiorentina', '-'),
(284, 1, 33, '2014-03-23 14:00:00', 'Parma', 'Genoa', '-'),
(285, 1, 33, '2014-03-23 14:00:00', 'Catania', 'Juventus', '-'),
(286, 1, 33, '2014-03-23 14:00:00', 'Torino', 'Livorno', '-'),
(287, 1, 33, '2014-03-23 14:00:00', 'Lazio', 'AC Milan', '-'),
(288, 1, 33, '2014-03-23 14:00:00', 'Udinese', 'Sassuolo', '-'),
(289, 1, 33, '2014-03-23 14:00:00', 'Sampdoria', 'Verona', '-'),
(290, 1, 33, '2014-03-23 14:00:00', 'Chievo', 'AS Roma', '-'),
(291, 1, 34, '2014-03-26 14:00:00', 'Juventus', 'Parma', '-'),
(292, 1, 34, '2014-03-26 14:00:00', 'Fiorentina', 'AC Milan', '-'),
(293, 1, 34, '2014-03-26 14:00:00', 'Catania', 'Napoli', '-'),
(294, 1, 34, '2014-03-26 14:00:00', 'Atalanta', 'Livorno', '-'),
(295, 1, 34, '2014-03-26 14:00:00', 'Genoa', 'Lazio', '-'),
(296, 1, 34, '2014-03-26 14:00:00', 'Inter', 'Udinese', '-'),
(297, 1, 34, '2014-03-26 14:00:00', 'Cagliari', 'Verona', '-'),
(298, 1, 34, '2014-03-26 14:00:00', 'Sassuolo', 'Sampdoria', '-'),
(299, 1, 34, '2014-03-26 14:00:00', 'AS Roma', 'Torino', '-'),
(300, 1, 34, '2014-03-26 14:00:00', 'Chievo', 'Bologna', '-'),
(301, 1, 35, '2014-03-30 13:00:00', 'Udinese', 'Catania', '-'),
(302, 1, 35, '2014-03-30 13:00:00', 'Livorno', 'Inter', '-'),
(303, 1, 35, '2014-03-30 13:00:00', 'Verona', 'Genoa', '-'),
(304, 1, 35, '2014-03-30 13:00:00', 'Lazio', 'Parma', '-'),
(305, 1, 35, '2014-03-30 13:00:00', 'Sassuolo', 'AS Roma', '-'),
(306, 1, 35, '2014-03-30 13:00:00', 'AC Milan', 'Chievo', '-'),
(307, 1, 35, '2014-03-30 13:00:00', 'Bologna', 'Atalanta', '-'),
(308, 1, 35, '2014-03-30 13:00:00', 'Torino', 'Cagliari', '-'),
(309, 1, 35, '2014-03-30 13:00:00', 'Sampdoria', 'Fiorentina', '-'),
(310, 1, 35, '2014-03-30 13:00:00', 'Napoli', 'Juventus', '-'),
(311, 1, 36, '2014-04-06 13:00:00', 'Chievo', 'Verona', '-'),
(312, 1, 36, '2014-04-06 13:00:00', 'Genoa', 'AC Milan', '-'),
(313, 1, 36, '2014-04-06 13:00:00', 'Parma', 'Napoli', '-'),
(314, 1, 36, '2014-04-06 13:00:00', 'Juventus', 'Livorno', '-'),
(315, 1, 36, '2014-04-06 13:00:00', 'Lazio', 'Sampdoria', '-'),
(316, 1, 36, '2014-04-06 13:00:00', 'Atalanta', 'Sassuolo', '-'),
(317, 1, 36, '2014-04-06 13:00:00', 'Catania', 'Torino', '-'),
(318, 1, 36, '2014-04-06 13:00:00', 'Fiorentina', 'Udinese', '-'),
(319, 1, 36, '2014-04-06 13:00:00', 'Inter', 'Bologna', '-'),
(320, 1, 36, '2014-04-06 13:00:00', 'Cagliari', 'AS Roma', '-'),
(321, 1, 37, '2014-04-13 13:00:00', 'Bologna', 'Parma', '-'),
(322, 1, 37, '2014-04-13 13:00:00', 'Torino', 'Genoa', '-'),
(323, 1, 37, '2014-04-13 13:00:00', 'AC Milan', 'Catania', '-'),
(324, 1, 37, '2014-04-13 13:00:00', 'Livorno', 'Chievo', '-'),
(325, 1, 37, '2014-04-13 13:00:00', 'AS Roma', 'Atalanta', '-'),
(326, 1, 37, '2014-04-13 13:00:00', 'Sassuolo', 'Cagliari', '-'),
(327, 1, 37, '2014-04-13 13:00:00', 'Sampdoria', 'Inter', '-'),
(328, 1, 37, '2014-04-13 13:00:00', 'Udinese', 'Juventus', '-'),
(329, 1, 37, '2014-04-13 13:00:00', 'Verona', 'Fiorentina', '-'),
(330, 1, 37, '2014-04-13 13:00:00', 'Napoli', 'Lazio', '-'),
(331, 1, 38, '2014-04-19 13:00:00', 'Juventus', 'Bologna', '-'),
(332, 1, 38, '2014-04-19 13:00:00', 'AC Milan', 'Livorno', '-'),
(333, 1, 38, '2014-04-19 13:00:00', 'Udinese', 'Napoli', '-'),
(334, 1, 38, '2014-04-19 13:00:00', 'Fiorentina', 'AS Roma', '-'),
(335, 1, 38, '2014-04-19 13:00:00', 'Catania', 'Sampdoria', '-'),
(336, 1, 38, '2014-04-19 13:00:00', 'Chievo', 'Sassuolo', '-'),
(337, 1, 38, '2014-04-19 13:00:00', 'Lazio', 'Torino', '-'),
(338, 1, 38, '2014-04-19 13:00:00', 'Atalanta', 'Verona', '-'),
(339, 1, 38, '2014-04-19 13:00:00', 'Genoa', 'Cagliari', '-'),
(340, 1, 38, '2014-04-19 13:00:00', 'Parma', 'Inter', '-'),
(341, 1, 39, '2014-04-27 13:00:00', 'Verona', 'Catania', '-'),
(342, 1, 39, '2014-04-27 13:00:00', 'Sassuolo', 'Juventus', '-'),
(343, 1, 39, '2014-04-27 13:00:00', 'Livorno', 'Lazio', '-'),
(344, 1, 39, '2014-04-27 13:00:00', 'Cagliari', 'Parma', '-'),
(345, 1, 39, '2014-04-27 13:00:00', 'Torino', 'Udinese', '-'),
(346, 1, 39, '2014-04-27 13:00:00', 'Sampdoria', 'Chievo', '-'),
(347, 1, 39, '2014-04-27 13:00:00', 'Bologna', 'Fiorentina', '-'),
(348, 1, 39, '2014-04-27 13:00:00', 'Atalanta', 'Genoa', '-'),
(349, 1, 39, '2014-04-27 13:00:00', 'Inter', 'Napoli', '-'),
(350, 1, 39, '2014-04-27 13:00:00', 'AS Roma', 'AC Milan', '-'),
(351, 1, 40, '2014-05-04 13:00:00', 'Udinese', 'Livorno', '-'),
(352, 1, 40, '2014-05-04 13:00:00', 'Napoli', 'Cagliari', '-'),
(353, 1, 40, '2014-05-04 13:00:00', 'Genoa', 'Bologna', '-'),
(354, 1, 40, '2014-05-04 13:00:00', 'Juventus', 'Atalanta', '-'),
(355, 1, 40, '2014-05-04 13:00:00', 'Catania', 'AS Roma', '-'),
(356, 1, 40, '2014-05-04 13:00:00', 'Parma', 'Sampdoria', '-'),
(357, 1, 40, '2014-05-04 13:00:00', 'Fiorentina', 'Sassuolo', '-'),
(358, 1, 40, '2014-05-04 13:00:00', 'Chievo', 'Torino', '-'),
(359, 1, 40, '2014-05-04 13:00:00', 'Lazio', 'Verona', '-'),
(360, 1, 40, '2014-05-04 13:00:00', 'AC Milan', 'Inter', '-'),
(361, 1, 41, '2014-05-11 13:00:00', 'Bologna', 'Catania', '-'),
(362, 1, 41, '2014-05-11 13:00:00', 'Cagliari', 'Chievo', '-'),
(363, 1, 41, '2014-05-11 13:00:00', 'Livorno', 'Fiorentina', '-'),
(364, 1, 41, '2014-05-11 13:00:00', 'Sassuolo', 'Genoa', '-'),
(365, 1, 41, '2014-05-11 13:00:00', 'AS Roma', 'Juventus', '-'),
(366, 1, 41, '2014-05-11 13:00:00', 'Inter', 'Lazio', '-'),
(367, 1, 41, '2014-05-11 13:00:00', 'Atalanta', 'AC Milan', '-'),
(368, 1, 41, '2014-05-11 13:00:00', 'Sampdoria', 'Napoli', '-'),
(369, 1, 41, '2014-05-11 13:00:00', 'Torino', 'Parma', '-'),
(370, 1, 41, '2014-05-11 13:00:00', 'Verona', 'Udinese', '-'),
(371, 1, 42, '2014-05-18 13:00:00', 'Catania', 'Atalanta', '-'),
(372, 1, 42, '2014-05-18 13:00:00', 'Lazio', 'Bologna', '-'),
(373, 1, 42, '2014-05-18 13:00:00', 'Juventus', 'Cagliari', '-'),
(374, 1, 42, '2014-05-18 13:00:00', 'Chievo', 'Inter', '-'),
(375, 1, 42, '2014-05-18 13:00:00', 'Parma', 'Livorno', '-'),
(376, 1, 42, '2014-05-18 13:00:00', 'Genoa', 'AS Roma', '-'),
(377, 1, 42, '2014-05-18 13:00:00', 'Udinese', 'Sampdoria', '-'),
(378, 1, 42, '2014-05-18 13:00:00', 'AC Milan', 'Sassuolo', '-'),
(379, 1, 42, '2014-05-18 13:00:00', 'Fiorentina', 'Torino', '-'),
(380, 1, 42, '2014-05-18 13:00:00', 'Napoli', 'Verona', '-'),
(381, 2, 5, '2013-08-17 17:00:00', 'Getafe', 'Real Sociedad ', '2 - 0'),
(382, 2, 5, '2013-08-17 19:00:00', 'A. Bilbao', 'R. Valladolid ', '1 - 2'),
(383, 2, 5, '2013-08-17 21:00:00', 'Málaga ', 'Valencia ', '1 - 0'),
(384, 2, 5, '2013-08-18 17:00:00', 'Levante', 'Barcellona ', '7 - 0'),
(385, 2, 5, '2013-08-18 19:00:00', 'Real Betis', 'Real Madrid ', '2 - 1'),
(386, 2, 5, '2013-08-18 19:00:00', 'Granada CF', 'Osasuna ', '1 - 2'),
(387, 2, 5, '2013-08-18 21:00:00', 'A. Madrid', 'Siviglia ', '1 - 3'),
(388, 2, 5, '2013-08-19 18:00:00', 'Elche', 'Rayo Vallecano ', '3 - 0'),
(389, 2, 5, '2013-08-19 20:00:00', 'Villarreal', 'Almeria ', '2 - 3'),
(390, 2, 5, '2013-08-19 20:00:00', 'Espanyol', 'Celta de Vigo ', '2 - 2'),
(391, 2, 6, '2013-08-23 18:00:00', 'Almeria', 'Getafe ', '2 - 2'),
(392, 2, 6, '2013-08-23 20:00:00', 'Osasuna', 'A. Bilbao ', '2 - 0'),
(393, 2, 6, '2013-08-24 17:00:00', 'Real Sociedad', 'Elche ', '1 - 1'),
(394, 2, 6, '2013-08-24 19:00:00', 'Valencia', 'Espanyol ', '3 - 1'),
(395, 2, 6, '2013-08-24 21:00:00', 'R. Valladolid', 'Villarreal ', '2 - 1'),
(396, 2, 6, '2013-08-25 17:00:00', 'Rayo Vallecano', 'A. Madrid ', '5 - 0'),
(397, 2, 6, '2013-08-25 19:00:00', 'Siviglia', 'Levante ', '0 - 0'),
(398, 2, 6, '2013-08-25 19:00:00', 'Barcellona', 'Málaga ', '0 - 1'),
(399, 2, 6, '2013-08-25 21:00:00', 'Celta de Vigo', 'Real Betis ', '1 - 2'),
(400, 2, 6, '2013-08-26 19:00:00', 'Real Madrid', 'Granada CF ', '0 - 1'),
(401, 2, 7, '2013-08-30 21:00:00', 'Elche', 'Almeria ', '2 - 2'),
(402, 2, 7, '2013-08-30 21:00:00', 'Levante', 'Rayo Vallecano ', '1 - 2'),
(403, 2, 7, '2013-08-31 17:00:00', 'Granada CF', 'Celta de Vigo ', '1 - 1'),
(404, 2, 7, '2013-08-31 19:00:00', 'Getafe', 'R. Valladolid ', '1 - 0'),
(405, 2, 7, '2013-08-31 21:00:00', 'Villarreal', 'Osasuna ', '0 - 3'),
(406, 2, 7, '2013-09-01 10:00:00', 'A. Bilbao', 'Real Madrid ', '3 - 1'),
(407, 2, 7, '2013-09-01 15:00:00', 'Real Betis', 'Espanyol ', '0 - 0'),
(408, 2, 7, '2013-09-01 17:00:00', 'A. Madrid', 'Real Sociedad ', '1 - 2'),
(409, 2, 7, '2013-09-01 19:00:00', 'Málaga', 'Siviglia ', '2 - 2'),
(410, 2, 7, '2013-09-01 19:00:00', 'Barcellona', 'Valencia ', '2 - 3'),
(411, 2, 8, '2013-09-14 14:00:00', 'Almeria', 'A. Madrid ', '4 - 2'),
(412, 2, 8, '2013-09-14 16:00:00', 'Real Sociedad', 'Levante ', '0 - 0'),
(413, 2, 8, '2013-09-14 18:00:00', 'Siviglia', 'Barcellona ', '3 - 2'),
(414, 2, 8, '2013-09-14 20:00:00', 'Real Madrid', 'Villarreal ', '2 - 2'),
(415, 2, 8, '2013-09-15 10:00:00', 'Espanyol', 'Granada CF ', '0 - 1'),
(416, 2, 8, '2013-09-15 15:00:00', 'Osasuna', 'Getafe ', '2 - 1'),
(417, 2, 8, '2013-09-15 17:00:00', 'Rayo Vallecano', 'Málaga ', '5 - 0'),
(418, 2, 8, '2013-09-15 19:00:00', 'Valencia', 'Real Betis ', '3 - 1'),
(419, 2, 8, '2013-09-16 18:00:00', 'R. Valladolid', 'Elche ', '0 - 0'),
(420, 2, 8, '2013-09-16 20:00:00', 'Celta de Vigo', 'A. Bilbao ', '3 - 2'),
(421, 2, 9, '2013-09-20 19:00:00', 'Elche', 'Osasuna ', '2 - 1'),
(422, 2, 9, '2013-09-21 14:00:00', 'Málaga', 'Real Sociedad ', '0 - 0'),
(423, 2, 9, '2013-09-21 16:00:00', 'Levante', 'Almeria ', '2 - 2'),
(424, 2, 9, '2013-09-21 18:00:00', 'Barcellona', 'Rayo Vallecano ', '0 - 4'),
(425, 2, 9, '2013-09-21 20:00:00', 'A. Madrid', 'R. Valladolid ', '0 - 2'),
(426, 2, 9, '2013-09-22 10:00:00', 'Granada CF', 'Real Betis ', '0 - 0'),
(427, 2, 9, '2013-09-22 15:00:00', 'Villarreal', 'Celta de Vigo ', '0 - 0'),
(428, 2, 9, '2013-09-22 17:00:00', 'Getafe', 'Real Madrid ', '4 - 1'),
(429, 2, 9, '2013-09-22 19:00:00', 'Siviglia', 'Valencia ', '3 - 1'),
(430, 2, 9, '2013-09-23 20:00:00', 'A. Bilbao', 'Espanyol ', '3 - 2'),
(431, 2, 10, '2013-09-24 18:00:00', 'Real Sociedad', 'Barcellona ', '4 - 1'),
(432, 2, 10, '2013-09-24 18:00:00', 'R. Valladolid', 'Levante ', '1 - 1'),
(433, 2, 10, '2013-09-24 20:00:00', 'Osasuna', 'A. Madrid ', '2 - 1'),
(434, 2, 10, '2013-09-24 20:00:00', 'Almeria', 'Málaga ', '2 - 0'),
(435, 2, 10, '2013-09-25 18:00:00', 'Valencia', 'Granada CF ', '0 - 1'),
(436, 2, 10, '2013-09-25 18:00:00', 'Rayo Vallecano', 'Siviglia ', '4 - 1'),
(437, 2, 10, '2013-09-25 20:00:00', 'Real Madrid', 'Elche ', '1 - 2'),
(438, 2, 10, '2013-09-26 18:00:00', 'Real Betis', 'A. Bilbao ', '2 - 1'),
(439, 2, 10, '2013-09-26 20:00:00', 'Espanyol', 'Villarreal ', '2 - 1'),
(440, 2, 10, '2013-09-26 20:00:00', 'Celta de Vigo', 'Getafe ', '2 - 0'),
(441, 2, 11, '2013-09-27 19:00:00', 'Málaga', 'R. Valladolid ', '2 - 2'),
(442, 2, 11, '2013-09-28 14:00:00', 'Rayo Vallecano', 'Valencia ', '1 - 0'),
(443, 2, 11, '2013-09-28 16:00:00', 'Barcellona', 'Almeria ', '0 - 2'),
(444, 2, 11, '2013-09-28 18:00:00', 'Siviglia', 'Real Sociedad ', '1 - 1'),
(445, 2, 11, '2013-09-28 20:00:00', 'A. Madrid', 'Real Madrid ', '0 - 1'),
(446, 2, 11, '2013-09-29 10:00:00', 'Levante', 'Osasuna ', '0 - 1'),
(447, 2, 11, '2013-09-29 15:00:00', 'Elche', 'Celta de Vigo ', '0 - 1'),
(448, 2, 11, '2013-09-29 17:00:00', 'Getafe', 'Espanyol ', '0 - 2'),
(449, 2, 11, '2013-09-29 19:00:00', 'Villarreal', 'Real Betis ', '1 - 0'),
(450, 2, 11, '2013-09-30 20:00:00', 'A. Bilbao', 'Granada CF ', '2 - 0'),
(451, 2, 12, '2013-10-04 18:00:00', 'Granada CF', 'Villarreal ', '3 - 0'),
(452, 2, 12, '2013-10-04 20:00:00', 'Osasuna', 'Málaga ', '0 - 1'),
(453, 2, 12, '2013-10-05 14:00:00', 'Espanyol', 'Elche ', '2 - 1'),
(454, 2, 12, '2013-10-05 16:00:00', 'Real Sociedad', 'Rayo Vallecano ', '1 - 0'),
(455, 2, 12, '2013-10-05 18:00:00', 'Real Madrid', 'Levante ', '2 - 3'),
(456, 2, 12, '2013-10-05 20:00:00', 'R. Valladolid', 'Barcellona ', '4 - 1'),
(457, 2, 12, '2013-10-06 10:00:00', 'Celta de Vigo', 'A. Madrid ', '2 - 1'),
(458, 2, 12, '2013-10-06 15:00:00', 'Almeria', 'Siviglia ', '2 - 1'),
(459, 2, 12, '2013-10-06 17:00:00', 'Real Betis', 'Getafe ', '3 - 1'),
(460, 2, 12, '2013-10-06 19:00:00', 'Valencia', 'A. Bilbao ', '1 - 1'),
(461, 2, 13, '2013-10-19 14:00:00', 'Málaga', 'Real Madrid ', '2 - 0'),
(462, 2, 13, '2013-10-19 16:00:00', 'Real Sociedad', 'Valencia ', '1 - 2'),
(463, 2, 13, '2013-10-19 18:00:00', 'Barcellona', 'Osasuna ', '0 - 0'),
(464, 2, 13, '2013-10-19 20:00:00', 'A. Madrid', 'Espanyol ', '1 - 0'),
(465, 2, 13, '2013-10-20 10:00:00', 'Getafe', 'Granada CF ', '0 - 2'),
(466, 2, 13, '2013-10-20 15:00:00', 'Rayo Vallecano', 'Almeria ', '0 - 1'),
(467, 2, 13, '2013-10-20 17:00:00', 'Elche', 'Real Betis ', '1 - 2'),
(468, 2, 13, '2013-10-20 19:00:00', 'Siviglia', 'R. Valladolid ', '2 - 2'),
(469, 2, 13, '2013-10-21 18:00:00', 'Levante', 'Celta de Vigo ', '0 - 1'),
(470, 2, 13, '2013-10-21 20:00:00', 'Villarreal', 'A. Bilbao ', '2 - 0'),
(471, 2, 14, '2013-10-25 19:00:00', 'R. Valladolid', 'Rayo Vallecano ', '0 - 3'),
(472, 2, 14, '2013-10-26 14:00:00', 'Celta de Vigo', 'Málaga ', '0 - 5'),
(473, 2, 14, '2013-10-26 16:00:00', 'Real Madrid', 'Barcellona ', '2 - 1'),
(474, 2, 14, '2013-10-26 18:00:00', 'Granada CF', 'Elche ', '0 - 1'),
(475, 2, 14, '2013-10-26 20:00:00', 'Espanyol', 'Levante ', '3 - 0'),
(476, 2, 14, '2013-10-27 11:00:00', 'Osasuna', 'Siviglia ', '2 - 1'),
(477, 2, 14, '2013-10-27 16:00:00', 'Valencia', 'Villarreal ', '4 - 1'),
(478, 2, 14, '2013-10-27 18:00:00', 'Almeria', 'Real Sociedad ', '3 - 0'),
(479, 2, 14, '2013-10-27 20:00:00', 'Real Betis', 'A. Madrid ', '5 - 0'),
(480, 2, 14, '2013-10-28 21:00:00', 'A. Bilbao', 'Getafe ', '0 - 1'),
(481, 2, 15, '2013-10-29 19:00:00', 'Málaga', 'Espanyol ', '0 - 0'),
(482, 2, 15, '2013-10-29 21:00:00', 'Barcellona', 'Celta de Vigo ', '0 - 3'),
(483, 2, 15, '2013-10-30 19:00:00', 'Almeria', 'Valencia ', '1 - 2'),
(484, 2, 15, '2013-10-30 19:00:00', 'Real Sociedad', 'R. Valladolid ', '2 - 2'),
(485, 2, 15, '2013-10-30 21:00:00', 'Siviglia', 'Real Madrid ', '7 - 3'),
(486, 2, 15, '2013-10-30 21:00:00', 'Rayo Vallecano', 'Osasuna ', '3 - 1'),
(487, 2, 15, '2013-10-31 19:00:00', 'Getafe', 'Villarreal ', '0 - 2'),
(488, 2, 15, '2013-10-31 19:00:00', 'A. Madrid', 'Granada CF ', '1 - 2'),
(489, 2, 15, '2013-10-31 21:00:00', 'Elche', 'A. Bilbao ', '2 - 2'),
(490, 2, 15, '2013-10-31 21:00:00', 'Levante', 'Real Betis ', '0 - 0'),
(491, 2, 16, '2013-11-01 20:00:00', 'Espanyol', 'Barcellona ', '1 - 0'),
(492, 2, 16, '2013-11-02 15:00:00', 'Osasuna', 'Real Sociedad ', '5 - 0'),
(493, 2, 16, '2013-11-02 17:00:00', 'R. Valladolid', 'Almeria ', '1 - 0'),
(494, 2, 16, '2013-11-02 19:00:00', 'Real Madrid', 'Rayo Vallecano ', '2 - 3'),
(495, 2, 16, '2013-11-02 21:00:00', 'Celta de Vigo', 'Siviglia ', '0 - 1'),
(496, 2, 16, '2013-11-03 11:00:00', 'Valencia', 'Getafe ', '0 - 1'),
(497, 2, 16, '2013-11-03 16:00:00', 'A. Bilbao', 'A. Madrid ', '2 - 0'),
(498, 2, 16, '2013-11-03 18:00:00', 'Granada CF', 'Levante ', '0 - 1'),
(499, 2, 16, '2013-11-03 20:00:00', 'Real Betis', 'Málaga ', '3 - 2'),
(500, 2, 16, '2013-11-04 21:00:00', 'Villarreal', 'Elche ', '0 - 1'),
(501, 2, 17, '2013-11-08 19:00:00', 'Almeria', 'Osasuna ', '0 - 1'),
(502, 2, 17, '2013-11-08 21:00:00', 'Málaga', 'Granada CF ', '3 - 1'),
(503, 2, 17, '2013-11-09 15:00:00', 'Real Sociedad', 'Real Madrid ', '-'),
(504, 2, 17, '2013-11-09 17:00:00', 'Elche', 'Getafe ', '-'),
(505, 2, 17, '2013-11-09 19:00:00', 'Levante', 'A. Bilbao ', '-'),
(506, 2, 17, '2013-11-09 21:00:00', 'Rayo Vallecano', 'Celta de Vigo ', '-'),
(507, 2, 17, '2013-11-10 11:00:00', 'Siviglia', 'Espanyol ', '-'),
(508, 2, 17, '2013-11-10 16:00:00', 'R. Valladolid', 'Valencia ', '-'),
(509, 2, 17, '2013-11-10 18:00:00', 'A. Madrid', 'Villarreal ', '-'),
(510, 2, 17, '2013-11-10 20:00:00', 'Barcellona', 'Real Betis ', '-'),
(511, 2, 18, '2013-11-22 20:00:00', 'Osasuna', 'R. Valladolid ', '-'),
(512, 2, 18, '2013-11-23 15:00:00', 'Granada CF', 'Barcellona ', '-'),
(513, 2, 18, '2013-11-23 17:00:00', 'Celta de Vigo', 'Real Sociedad ', '-'),
(514, 2, 18, '2013-11-23 19:00:00', 'Real Madrid', 'Almeria ', '-'),
(515, 2, 18, '2013-11-23 21:00:00', 'Getafe', 'A. Madrid ', '-'),
(516, 2, 18, '2013-11-24 11:00:00', 'Villarreal', 'Levante ', '-'),
(517, 2, 18, '2013-11-24 16:00:00', 'Espanyol', 'Rayo Vallecano ', '-'),
(518, 2, 18, '2013-11-24 18:00:00', 'Valencia', 'Elche ', '-'),
(519, 2, 18, '2013-11-24 20:00:00', 'Real Betis', 'Siviglia ', '-'),
(520, 2, 18, '2013-11-25 21:00:00', 'A. Bilbao', 'Málaga ', '-'),
(521, 2, 19, '2013-11-29 19:00:00', 'Levante', 'Getafe ', '-'),
(522, 2, 19, '2013-11-29 21:00:00', 'Málaga', 'Villarreal ', '-'),
(523, 2, 19, '2013-11-30 15:00:00', 'A. Madrid', 'Elche ', '-'),
(524, 2, 19, '2013-11-30 17:00:00', 'Almeria', 'Celta de Vigo ', '-'),
(525, 2, 19, '2013-11-30 19:00:00', 'R. Valladolid', 'Real Madrid ', '-'),
(526, 2, 19, '2013-12-06 11:39:15', 'Real Sociedad', 'Espanyol ', '1 - 2'),
(527, 2, 19, '2013-12-06 11:39:03', 'Rayo Vallecano', 'Real Betis ', '2 - 2'),
(528, 2, 19, '2013-12-06 11:38:58', 'Siviglia', 'Granada CF ', '1 - 2'),
(529, 2, 19, '2013-12-06 11:38:48', 'Osasuna', 'Valencia ', '3 - 0'),
(530, 2, 19, '2013-12-06 11:38:43', 'Barcellona', 'A. Bilbao ', '1 - 0'),
(531, 2, 20, '2013-12-13 20:00:00', 'Elche', 'Levante ', '-'),
(532, 2, 20, '2013-12-14 15:00:00', 'Real Madrid', 'Osasuna ', '-'),
(533, 2, 20, '2013-12-14 17:00:00', 'Granada CF', 'Rayo Vallecano ', '-'),
(534, 2, 20, '2013-12-14 19:00:00', 'Villarreal', 'Barcellona ', '-'),
(535, 2, 20, '2013-12-14 21:00:00', 'Getafe', 'Málaga ', '-'),
(536, 2, 20, '2013-12-15 11:00:00', 'Espanyol', 'Almeria ', '-'),
(537, 2, 20, '2013-12-15 16:00:00', 'Real Betis', 'Real Sociedad ', '-'),
(538, 2, 20, '2013-12-15 18:00:00', 'A. Bilbao', 'Siviglia ', '-'),
(539, 2, 20, '2013-12-15 20:00:00', 'Valencia', 'A. Madrid ', '-'),
(540, 2, 20, '2013-12-16 21:00:00', 'Celta de Vigo', 'R. Valladolid ', '-'),
(541, 2, 21, '2013-12-20 21:00:00', 'Málaga', 'Elche ', '-'),
(542, 2, 21, '2013-12-21 15:00:00', 'Siviglia', 'Villarreal ', '-'),
(543, 2, 21, '2013-12-21 17:00:00', 'Almeria', 'Real Betis ', '-'),
(544, 2, 21, '2013-12-21 19:00:00', 'Rayo Vallecano', 'A. Bilbao ', '-'),
(545, 2, 21, '2013-12-21 21:00:00', 'Real Sociedad', 'Granada CF ', '-'),
(546, 2, 21, '2013-12-22 11:00:00', 'R. Valladolid', 'Espanyol ', '-'),
(547, 2, 21, '2013-12-22 16:00:00', 'Barcellona', 'Getafe ', '-'),
(548, 2, 21, '2013-12-22 18:00:00', 'Levante', 'A. Madrid ', '-'),
(549, 2, 21, '2013-12-22 20:00:00', 'Osasuna', 'Celta de Vigo ', '-'),
(550, 2, 21, '2013-12-22 20:00:00', 'Real Madrid', 'Valencia ', '-'),
(551, 2, 22, '2014-01-05 16:00:00', 'Levante', 'Valencia ', '-'),
(552, 2, 22, '2014-01-05 16:00:00', 'A. Madrid', 'Málaga ', '-'),
(553, 2, 22, '2014-01-05 16:00:00', 'Elche', 'Barcellona ', '-'),
(554, 2, 22, '2014-01-05 16:00:00', 'Getafe', 'Siviglia ', '-'),
(555, 2, 22, '2014-01-05 16:00:00', 'Villarreal', 'Rayo Vallecano ', '-'),
(556, 2, 22, '2014-01-05 16:00:00', 'A. Bilbao', 'Real Sociedad ', '-'),
(557, 2, 22, '2014-01-05 16:00:00', 'Granada CF', 'Almeria ', '-'),
(558, 2, 22, '2014-01-05 16:00:00', 'Real Betis', 'R. Valladolid ', '-'),
(559, 2, 22, '2014-01-05 16:00:00', 'Espanyol', 'Osasuna ', '-'),
(560, 2, 22, '2014-01-05 16:00:00', 'Celta de Vigo', 'Real Madrid ', '-'),
(561, 2, 23, '2014-01-12 16:00:00', 'Málaga', 'Levante ', '-'),
(562, 2, 23, '2014-01-12 16:00:00', 'Barcellona', 'A. Madrid ', '-'),
(563, 2, 23, '2014-01-12 16:00:00', 'Siviglia', 'Elche ', '-'),
(564, 2, 23, '2014-01-12 16:00:00', 'Rayo Vallecano', 'Getafe ', '-'),
(565, 2, 23, '2014-01-12 16:00:00', 'Real Sociedad', 'Villarreal ', '-'),
(566, 2, 23, '2014-01-12 16:00:00', 'Almeria', 'A. Bilbao ', '-'),
(567, 2, 23, '2014-01-12 16:00:00', 'R. Valladolid', 'Granada CF ', '-'),
(568, 2, 23, '2014-01-12 16:00:00', 'Osasuna', 'Real Betis ', '-'),
(569, 2, 23, '2014-01-12 16:00:00', 'Real Madrid', 'Espanyol ', '-'),
(570, 2, 23, '2014-01-12 16:00:00', 'Valencia', 'Celta de Vigo ', '-'),
(571, 2, 24, '2014-01-19 16:00:00', 'Celta de Vigo', 'Espanyol ', '-'),
(572, 2, 24, '2014-01-19 16:00:00', 'Real Madrid', 'Real Betis ', '-'),
(573, 2, 24, '2014-01-19 16:00:00', 'Osasuna', 'Granada CF ', '-'),
(574, 2, 24, '2014-01-19 16:00:00', 'R. Valladolid', 'A. Bilbao ', '-'),
(575, 2, 24, '2014-01-19 16:00:00', 'Almeria', 'Villarreal ', '-'),
(576, 2, 24, '2014-01-19 16:00:00', 'Real Sociedad', 'Getafe ', '-'),
(577, 2, 24, '2014-01-19 16:00:00', 'Rayo Vallecano', 'Elche ', '-'),
(578, 2, 24, '2014-01-19 16:00:00', 'Siviglia', 'A. Madrid ', '-'),
(579, 2, 24, '2014-01-19 16:00:00', 'Barcellona', 'Levante ', '-'),
(580, 2, 24, '2014-01-19 16:00:00', 'Valencia', 'Málaga ', '-'),
(581, 2, 25, '2014-01-26 16:00:00', 'Espanyol', 'Valencia ', '-'),
(582, 2, 25, '2014-01-26 16:00:00', 'Real Betis', 'Celta de Vigo ', '-'),
(583, 2, 25, '2014-01-26 16:00:00', 'Granada CF', 'Real Madrid ', '-'),
(584, 2, 25, '2014-01-26 16:00:00', 'A. Bilbao', 'Osasuna ', '-'),
(585, 2, 25, '2014-01-26 16:00:00', 'Villarreal', 'R. Valladolid ', '-'),
(586, 2, 25, '2014-01-26 16:00:00', 'Getafe', 'Almeria ', '-'),
(587, 2, 25, '2014-01-26 16:00:00', 'Elche', 'Real Sociedad ', '-'),
(588, 2, 25, '2014-01-26 16:00:00', 'A. Madrid', 'Rayo Vallecano ', '-'),
(589, 2, 25, '2014-01-26 16:00:00', 'Levante', 'Siviglia ', '-'),
(590, 2, 25, '2014-01-26 16:00:00', 'Málaga', 'Barcellona ', '-'),
(591, 2, 26, '2014-02-02 16:00:00', 'Espanyol', 'Real Betis ', '-'),
(592, 2, 26, '2014-02-02 16:00:00', 'Celta de Vigo', 'Granada CF ', '-'),
(593, 2, 26, '2014-02-02 16:00:00', 'Real Madrid', 'A. Bilbao ', '-'),
(594, 2, 26, '2014-02-02 16:00:00', 'Osasuna', 'Villarreal ', '-'),
(595, 2, 26, '2014-02-02 16:00:00', 'R. Valladolid', 'Getafe ', '-'),
(596, 2, 26, '2014-02-02 16:00:00', 'Almeria', 'Elche ', '-'),
(597, 2, 26, '2014-02-02 16:00:00', 'Real Sociedad', 'A. Madrid ', '-'),
(598, 2, 26, '2014-02-02 16:00:00', 'Rayo Vallecano', 'Levante ', '-'),
(599, 2, 26, '2014-02-02 16:00:00', 'Siviglia', 'Málaga ', '-'),
(600, 2, 26, '2014-02-02 16:00:00', 'Valencia', 'Barcellona ', '-'),
(601, 2, 27, '2014-02-09 16:00:00', 'Real Betis', 'Valencia ', '-'),
(602, 2, 27, '2014-02-09 16:00:00', 'Granada CF', 'Espanyol ', '-'),
(603, 2, 27, '2014-02-09 16:00:00', 'A. Bilbao', 'Celta de Vigo ', '-'),
(604, 2, 27, '2014-02-09 16:00:00', 'Villarreal', 'Real Madrid ', '-'),
(605, 2, 27, '2014-02-09 16:00:00', 'Getafe', 'Osasuna ', '-'),
(606, 2, 27, '2014-02-09 16:00:00', 'Elche', 'R. Valladolid ', '-'),
(607, 2, 27, '2014-02-09 16:00:00', 'A. Madrid', 'Almeria ', '-'),
(608, 2, 27, '2014-02-09 16:00:00', 'Levante', 'Real Sociedad ', '-'),
(609, 2, 27, '2014-02-09 16:00:00', 'Málaga', 'Rayo Vallecano ', '-'),
(610, 2, 27, '2014-02-09 16:00:00', 'Barcellona', 'Siviglia ', '-'),
(611, 2, 28, '2014-02-16 16:00:00', 'Real Betis', 'Granada CF ', '-'),
(612, 2, 28, '2014-02-16 16:00:00', 'Espanyol', 'A. Bilbao ', '-'),
(613, 2, 28, '2014-02-16 16:00:00', 'Celta de Vigo', 'Villarreal ', '-'),
(614, 2, 28, '2014-02-16 16:00:00', 'Real Madrid', 'Getafe ', '-'),
(615, 2, 28, '2014-02-16 16:00:00', 'Osasuna', 'Elche ', '-'),
(616, 2, 28, '2014-02-16 16:00:00', 'R. Valladolid', 'A. Madrid ', '-'),
(617, 2, 28, '2014-02-16 16:00:00', 'Almeria', 'Levante ', '-'),
(618, 2, 28, '2014-02-16 16:00:00', 'Real Sociedad', 'Málaga ', '-'),
(619, 2, 28, '2014-02-16 16:00:00', 'Rayo Vallecano', 'Barcellona ', '-'),
(620, 2, 28, '2014-02-16 16:00:00', 'Valencia', 'Siviglia ', '-'),
(621, 2, 29, '2014-02-23 16:00:00', 'Granada CF', 'Valencia ', '-'),
(622, 2, 29, '2014-02-23 16:00:00', 'A. Bilbao', 'Real Betis ', '-'),
(623, 2, 29, '2014-02-23 16:00:00', 'Villarreal', 'Espanyol ', '-'),
(624, 2, 29, '2014-02-23 16:00:00', 'Getafe', 'Celta de Vigo ', '-'),
(625, 2, 29, '2014-02-23 16:00:00', 'Elche', 'Real Madrid ', '-'),
(626, 2, 29, '2014-02-23 16:00:00', 'A. Madrid', 'Osasuna ', '-'),
(627, 2, 29, '2014-02-23 16:00:00', 'Levante', 'R. Valladolid ', '-'),
(628, 2, 29, '2014-02-23 16:00:00', 'Málaga', 'Almeria ', '-'),
(629, 2, 29, '2014-02-23 16:00:00', 'Barcellona', 'Real Sociedad ', '-'),
(630, 2, 29, '2014-02-23 16:00:00', 'Siviglia', 'Rayo Vallecano ', '-'),
(631, 2, 30, '2014-03-02 16:00:00', 'Granada CF', 'A. Bilbao ', '-'),
(632, 2, 30, '2014-03-02 16:00:00', 'Real Betis', 'Villarreal ', '-'),
(633, 2, 30, '2014-03-02 16:00:00', 'Espanyol', 'Getafe ', '-'),
(634, 2, 30, '2014-03-02 16:00:00', 'Celta de Vigo', 'Elche ', '-'),
(635, 2, 30, '2014-03-02 16:00:00', 'Real Madrid', 'A. Madrid ', '-'),
(636, 2, 30, '2014-03-02 16:00:00', 'Osasuna', 'Levante ', '-'),
(637, 2, 30, '2014-03-02 16:00:00', 'R. Valladolid', 'Málaga ', '-'),
(638, 2, 30, '2014-03-02 16:00:00', 'Almeria', 'Barcellona ', '-'),
(639, 2, 30, '2014-03-02 16:00:00', 'Real Sociedad', 'Siviglia ', '-'),
(640, 2, 30, '2014-03-02 16:00:00', 'Valencia', 'Rayo Vallecano ', '-'),
(641, 2, 31, '2014-03-09 16:00:00', 'A. Bilbao', 'Valencia ', '-'),
(642, 2, 31, '2014-03-09 16:00:00', 'Villarreal', 'Granada CF ', '-'),
(643, 2, 31, '2014-03-09 16:00:00', 'Getafe', 'Real Betis ', '-'),
(644, 2, 31, '2014-03-09 16:00:00', 'Elche', 'Espanyol ', '-'),
(645, 2, 31, '2014-03-09 16:00:00', 'A. Madrid', 'Celta de Vigo ', '-'),
(646, 2, 31, '2014-03-09 16:00:00', 'Levante', 'Real Madrid ', '-'),
(647, 2, 31, '2014-03-09 16:00:00', 'Málaga', 'Osasuna ', '-'),
(648, 2, 31, '2014-03-09 16:00:00', 'Barcellona', 'R. Valladolid ', '-'),
(649, 2, 31, '2014-03-09 16:00:00', 'Siviglia', 'Almeria ', '-'),
(650, 2, 31, '2014-03-09 16:00:00', 'Rayo Vallecano', 'Real Sociedad ', '-'),
(651, 2, 32, '2014-03-16 16:00:00', 'A. Bilbao', 'Villarreal ', '-'),
(652, 2, 32, '2014-03-16 16:00:00', 'Granada CF', 'Getafe ', '-'),
(653, 2, 32, '2014-03-16 16:00:00', 'Real Betis', 'Elche ', '-'),
(654, 2, 32, '2014-03-16 16:00:00', 'Espanyol', 'A. Madrid ', '-'),
(655, 2, 32, '2014-03-16 16:00:00', 'Celta de Vigo', 'Levante ', '-'),
(656, 2, 32, '2014-03-16 16:00:00', 'Real Madrid', 'Málaga ', '-'),
(657, 2, 32, '2014-03-16 16:00:00', 'Osasuna', 'Barcellona ', '-'),
(658, 2, 32, '2014-03-16 16:00:00', 'R. Valladolid', 'Siviglia ', '-'),
(659, 2, 32, '2014-03-16 16:00:00', 'Almeria', 'Rayo Vallecano ', '-'),
(660, 2, 32, '2014-03-16 16:00:00', 'Valencia', 'Real Sociedad ', '-'),
(661, 2, 33, '2014-03-23 16:00:00', 'Villarreal', 'Valencia ', '-'),
(662, 2, 33, '2014-03-23 16:00:00', 'Getafe', 'A. Bilbao ', '-'),
(663, 2, 33, '2014-03-23 16:00:00', 'Elche', 'Granada CF ', '-'),
(664, 2, 33, '2014-03-23 16:00:00', 'A. Madrid', 'Real Betis ', '-'),
(665, 2, 33, '2014-03-23 16:00:00', 'Levante', 'Espanyol ', '-'),
(666, 2, 33, '2014-03-23 16:00:00', 'Málaga', 'Celta de Vigo ', '-'),
(667, 2, 33, '2014-03-23 16:00:00', 'Barcellona', 'Real Madrid ', '-'),
(668, 2, 33, '2014-03-23 16:00:00', 'Siviglia', 'Osasuna ', '-'),
(669, 2, 33, '2014-03-23 16:00:00', 'Rayo Vallecano', 'R. Valladolid ', '-'),
(670, 2, 33, '2014-03-23 16:00:00', 'Real Sociedad', 'Almeria ', '-'),
(671, 2, 34, '2014-03-26 16:00:00', 'Villarreal', 'Getafe ', '-'),
(672, 2, 34, '2014-03-26 16:00:00', 'A. Bilbao', 'Elche ', '-'),
(673, 2, 34, '2014-03-26 16:00:00', 'Granada CF', 'A. Madrid ', '-'),
(674, 2, 34, '2014-03-26 16:00:00', 'Real Betis', 'Levante ', '-'),
(675, 2, 34, '2014-03-26 16:00:00', 'Espanyol', 'Málaga ', '-'),
(676, 2, 34, '2014-03-26 16:00:00', 'Celta de Vigo', 'Barcellona ', '-'),
(677, 2, 34, '2014-03-26 16:00:00', 'Real Madrid', 'Siviglia ', '-'),
(678, 2, 34, '2014-03-26 16:00:00', 'Osasuna', 'Rayo Vallecano ', '-'),
(679, 2, 34, '2014-03-26 16:00:00', 'R. Valladolid', 'Real Sociedad ', '-'),
(680, 2, 34, '2014-03-26 16:00:00', 'Valencia', 'Almeria ', '-'),
(681, 2, 35, '2014-03-30 15:00:00', 'Getafe', 'Valencia ', '-'),
(682, 2, 35, '2014-03-30 15:00:00', 'Elche', 'Villarreal ', '-'),
(683, 2, 35, '2014-03-30 15:00:00', 'A. Madrid', 'A. Bilbao ', '-'),
(684, 2, 35, '2014-03-30 15:00:00', 'Levante', 'Granada CF ', '-'),
(685, 2, 35, '2014-03-30 15:00:00', 'Málaga', 'Real Betis ', '-'),
(686, 2, 35, '2014-03-30 15:00:00', 'Barcellona', 'Espanyol ', '-'),
(687, 2, 35, '2014-03-30 15:00:00', 'Siviglia', 'Celta de Vigo ', '-'),
(688, 2, 35, '2014-03-30 15:00:00', 'Rayo Vallecano', 'Real Madrid ', '-'),
(689, 2, 35, '2014-03-30 15:00:00', 'Real Sociedad', 'Osasuna ', '-'),
(690, 2, 35, '2014-03-30 15:00:00', 'Almeria', 'R. Valladolid ', '-'),
(691, 2, 36, '2014-04-06 15:00:00', 'Getafe', 'Elche ', '-'),
(692, 2, 36, '2014-04-06 15:00:00', 'Villarreal', 'A. Madrid ', '-'),
(693, 2, 36, '2014-04-06 15:00:00', 'A. Bilbao', 'Levante ', '-'),
(694, 2, 36, '2014-04-06 15:00:00', 'Granada CF', 'Málaga ', '-'),
(695, 2, 36, '2014-04-06 15:00:00', 'Real Betis', 'Barcellona ', '-'),
(696, 2, 36, '2014-04-06 15:00:00', 'Espanyol', 'Siviglia ', '-'),
(697, 2, 36, '2014-04-06 15:00:00', 'Celta de Vigo', 'Rayo Vallecano ', '-'),
(698, 2, 36, '2014-04-06 15:00:00', 'Real Madrid', 'Real Sociedad ', '-'),
(699, 2, 36, '2014-04-06 15:00:00', 'Osasuna', 'Almeria ', '-'),
(700, 2, 36, '2014-04-06 15:00:00', 'Valencia', 'R. Valladolid ', '-'),
(701, 2, 37, '2014-04-13 15:00:00', 'Elche', 'Valencia ', '-'),
(702, 2, 37, '2014-04-13 15:00:00', 'A. Madrid', 'Getafe ', '-'),
(703, 2, 37, '2014-04-13 15:00:00', 'Levante', 'Villarreal ', '-'),
(704, 2, 37, '2014-04-13 15:00:00', 'Málaga', 'A. Bilbao ', '-'),
(705, 2, 37, '2014-04-13 15:00:00', 'Barcellona', 'Granada CF ', '-'),
(706, 2, 37, '2014-04-13 15:00:00', 'Siviglia', 'Real Betis ', '-'),
(707, 2, 37, '2014-04-13 15:00:00', 'Rayo Vallecano', 'Espanyol ', '-'),
(708, 2, 37, '2014-04-13 15:00:00', 'Real Sociedad', 'Celta de Vigo ', '-'),
(709, 2, 37, '2014-04-13 15:00:00', 'Almeria', 'Real Madrid ', '-'),
(710, 2, 37, '2014-04-13 15:00:00', 'R. Valladolid', 'Osasuna ', '-'),
(711, 2, 38, '2014-04-20 15:00:00', 'Elche', 'A. Madrid ', '-'),
(712, 2, 38, '2014-04-20 15:00:00', 'Getafe', 'Levante ', '-'),
(713, 2, 38, '2014-04-20 15:00:00', 'Villarreal', 'Málaga ', '-'),
(714, 2, 38, '2014-04-20 15:00:00', 'A. Bilbao', 'Barcellona ', '-'),
(715, 2, 38, '2014-04-20 15:00:00', 'Granada CF', 'Siviglia ', '-'),
(716, 2, 38, '2014-04-20 15:00:00', 'Real Betis', 'Rayo Vallecano ', '-'),
(717, 2, 38, '2014-04-20 15:00:00', 'Espanyol', 'Real Sociedad ', '-'),
(718, 2, 38, '2014-04-20 15:00:00', 'Celta de Vigo', 'Almeria ', '-'),
(719, 2, 38, '2014-04-20 15:00:00', 'Real Madrid', 'R. Valladolid ', '-'),
(720, 2, 38, '2014-04-20 15:00:00', 'Valencia', 'Osasuna ', '-'),
(721, 2, 39, '2014-04-27 15:00:00', 'A. Madrid', 'Valencia ', '-'),
(722, 2, 39, '2014-04-27 15:00:00', 'Levante', 'Elche ', '-'),
(723, 2, 39, '2014-04-27 15:00:00', 'Málaga', 'Getafe ', '-'),
(724, 2, 39, '2014-04-27 15:00:00', 'Barcellona', 'Villarreal ', '-'),
(725, 2, 39, '2014-04-27 15:00:00', 'Siviglia', 'A. Bilbao ', '-'),
(726, 2, 39, '2014-04-27 15:00:00', 'Rayo Vallecano', 'Granada CF ', '-'),
(727, 2, 39, '2014-04-27 15:00:00', 'Real Sociedad', 'Real Betis ', '-'),
(728, 2, 39, '2014-04-27 15:00:00', 'Almeria', 'Espanyol ', '-'),
(729, 2, 39, '2014-04-27 15:00:00', 'R. Valladolid', 'Celta de Vigo ', '-'),
(730, 2, 39, '2014-04-27 15:00:00', 'Osasuna', 'Real Madrid ', '-'),
(731, 2, 40, '2014-05-04 15:00:00', 'A. Madrid', 'Levante ', '-'),
(732, 2, 40, '2014-05-04 15:00:00', 'Elche', 'Málaga ', '-'),
(733, 2, 40, '2014-05-04 15:00:00', 'Getafe', 'Barcellona ', '-'),
(734, 2, 40, '2014-05-04 15:00:00', 'Villarreal', 'Siviglia ', '-'),
(735, 2, 40, '2014-05-04 15:00:00', 'A. Bilbao', 'Rayo Vallecano ', '-'),
(736, 2, 40, '2014-05-04 15:00:00', 'Granada CF', 'Real Sociedad ', '-'),
(737, 2, 40, '2014-05-04 15:00:00', 'Real Betis', 'Almeria ', '-'),
(738, 2, 40, '2014-05-04 15:00:00', 'Espanyol', 'R. Valladolid ', '-'),
(739, 2, 40, '2014-05-04 15:00:00', 'Celta de Vigo', 'Osasuna ', '-'),
(740, 2, 40, '2014-05-04 15:00:00', 'Valencia', 'Real Madrid ', '-'),
(741, 2, 41, '2014-05-11 15:00:00', 'Valencia', 'Levante ', '-'),
(742, 2, 41, '2014-05-11 15:00:00', 'Málaga', 'A. Madrid ', '-'),
(743, 2, 41, '2014-05-11 15:00:00', 'Barcellona', 'Elche ', '-'),
(744, 2, 41, '2014-05-11 15:00:00', 'Siviglia', 'Getafe ', '-'),
(745, 2, 41, '2014-05-11 15:00:00', 'Rayo Vallecano', 'Villarreal ', '-'),
(746, 2, 41, '2014-05-11 15:00:00', 'Real Sociedad', 'A. Bilbao ', '-'),
(747, 2, 41, '2014-05-11 15:00:00', 'Almeria', 'Granada CF ', '-'),
(748, 2, 41, '2014-05-11 15:00:00', 'R. Valladolid', 'Real Betis ', '-'),
(749, 2, 41, '2014-05-11 15:00:00', 'Osasuna', 'Espanyol ', '-'),
(750, 2, 41, '2014-05-11 15:00:00', 'Real Madrid', 'Celta de Vigo ', '-'),
(751, 2, 42, '2014-05-18 15:00:00', 'Levante', 'Málaga ', '-'),
(752, 2, 42, '2014-05-18 15:00:00', 'A. Madrid', 'Barcellona ', '-'),
(753, 2, 42, '2014-05-18 15:00:00', 'Elche', 'Siviglia ', '-'),
(754, 2, 42, '2014-05-18 15:00:00', 'Getafe', 'Rayo Vallecano ', '-'),
(755, 2, 42, '2014-05-18 15:00:00', 'Villarreal', 'Real Sociedad ', '-'),
(756, 2, 42, '2014-05-18 15:00:00', 'A. Bilbao', 'Almeria ', '-'),
(757, 2, 42, '2014-05-18 15:00:00', 'Granada CF', 'R. Valladolid ', '-'),
(758, 2, 42, '2014-05-18 15:00:00', 'Real Betis', 'Osasuna ', '-');
INSERT INTO `eventi` (`ID_evento`, `ID_competizione`, `ID_fase`, `Data`, `Squadra_casa`, `Squadra_ospite`, `Risultato`) VALUES
(759, 2, 42, '2014-05-18 15:00:00', 'Espanyol', 'Real Madrid ', '-'),
(760, 2, 42, '2014-05-18 15:00:00', 'Celta de Vigo', 'Valencia ', '-'),
(761, 3, 5, '2013-08-17 11:45:00', 'Stoke City', 'Liverpool ', '1 - 0'),
(762, 3, 5, '2013-08-17 14:00:00', 'Southampton', 'West Bromwich Albion', '0 - 1'),
(763, 3, 5, '2013-08-17 14:00:00', 'Cardiff', 'West Ham ', '2 - 0'),
(764, 3, 5, '2013-08-17 14:00:00', 'Everton', 'Norwich City ', '2 - 2'),
(765, 3, 5, '2013-08-17 14:00:00', 'Fulham', 'Sunderland ', '0 - 1'),
(766, 3, 5, '2013-08-17 14:00:00', 'Aston Villa', 'Arsenal ', '1 - 3'),
(767, 3, 5, '2013-08-17 16:30:00', 'Manchester United', 'Swansea City ', '1 - 4'),
(768, 3, 5, '2013-08-18 12:30:00', 'Tottenham', 'Crystal P. ', '0 - 1'),
(769, 3, 5, '2013-08-18 15:00:00', 'Hull City', 'Chelsea ', '2 - 0'),
(770, 3, 5, '2013-08-19 19:00:00', 'Newcastle', 'Manchester City ', '4 - 0'),
(771, 3, 6, '2013-08-24 11:45:00', 'Arsenal', 'Fulham ', '1 - 3'),
(772, 3, 6, '2013-08-24 14:00:00', 'Norwich City', 'Hull City ', '1 - 0'),
(773, 3, 6, '2013-08-24 14:00:00', 'West Ham', 'Newcastle ', '0 - 0'),
(774, 3, 6, '2013-08-24 14:00:00', 'Sunderland', 'Southampton ', '1 - 1'),
(775, 3, 6, '2013-08-24 14:00:00', 'Crystal P.', 'Stoke City ', '2 - 1'),
(776, 3, 6, '2013-08-24 14:00:00', 'West Bromwich Albion', 'Everton ', '0 - 0'),
(777, 3, 6, '2013-08-24 16:30:00', 'Liverpool', 'Aston Villa ', '0 - 1'),
(778, 3, 6, '2013-08-25 15:00:00', 'Manchester City', 'Cardiff ', '3 - 2'),
(779, 3, 6, '2013-08-25 15:00:00', 'Swansea City', 'Tottenham ', '1 - 0'),
(780, 3, 6, '2013-08-26 19:00:00', 'Chelsea', 'Manchester United ', '0 - 0'),
(781, 3, 7, '2013-08-21 18:45:00', 'Aston Villa', 'Chelsea ', '2 - 1'),
(782, 3, 7, '2013-08-31 11:45:00', 'Hull City', 'Manchester City ', '2 - 0'),
(783, 3, 7, '2013-08-31 14:00:00', 'Fulham', 'Newcastle ', '1 - 0'),
(784, 3, 7, '2013-08-31 14:00:00', 'Southampton', 'Norwich City ', '1 - 0'),
(785, 3, 7, '2013-08-31 14:00:00', 'Stoke City', 'West Ham ', '0 - 1'),
(786, 3, 7, '2013-08-31 14:00:00', 'Everton', 'Cardiff ', '0 - 0'),
(787, 3, 7, '2013-08-31 16:30:00', 'Sunderland', 'Crystal P. ', '3 - 1'),
(788, 3, 7, '2013-09-01 12:30:00', 'Manchester United', 'Liverpool ', '1 - 0'),
(789, 3, 7, '2013-09-01 12:30:00', 'Swansea City', 'West Bromwich Albion', '0 - 2'),
(790, 3, 7, '2013-09-01 15:00:00', 'Tottenham', 'Arsenal ', '1 - 0'),
(791, 3, 8, '2013-09-14 11:45:00', 'Crystal P.', 'Manchester United ', '2 - 0'),
(792, 3, 8, '2013-09-14 14:00:00', 'Manchester City', 'Stoke City ', '0 - 0'),
(793, 3, 8, '2013-09-14 14:00:00', 'Arsenal', 'Sunderland ', '1 - 3'),
(794, 3, 8, '2013-09-14 14:00:00', 'West Bromwich Albion', 'Fulham ', '1 - 1'),
(795, 3, 8, '2013-09-14 14:00:00', 'Cardiff', 'Hull City ', '1 - 1'),
(796, 3, 8, '2013-09-14 14:00:00', 'Newcastle', 'Aston Villa ', '1 - 2'),
(797, 3, 8, '2013-09-14 14:00:00', 'Norwich City', 'Tottenham ', '2 - 0'),
(798, 3, 8, '2013-09-14 16:30:00', 'Chelsea', 'Everton ', '1 - 0'),
(799, 3, 8, '2013-09-15 15:00:00', 'West Ham', 'Southampton ', '0 - 0'),
(800, 3, 8, '2013-09-16 19:00:00', 'Liverpool', 'Swansea City ', '2 - 2'),
(801, 3, 9, '2013-09-21 11:45:00', 'Aston Villa', 'Norwich City ', '0 - 1'),
(802, 3, 9, '2013-09-21 14:00:00', 'Sunderland', 'West Bromwich Albion', '3 - 0'),
(803, 3, 9, '2013-09-21 14:00:00', 'Everton', 'West Ham ', '2 - 3'),
(804, 3, 9, '2013-09-21 14:00:00', 'Hull City', 'Newcastle ', '2 - 3'),
(805, 3, 9, '2013-09-21 14:00:00', 'Southampton', 'Liverpool ', '0 - 1'),
(806, 3, 9, '2013-09-21 16:30:00', 'Fulham', 'Chelsea ', '2 - 0'),
(807, 3, 9, '2013-09-22 12:30:00', 'Swansea City', 'Crystal P. ', '0 - 2'),
(808, 3, 9, '2013-09-22 12:30:00', 'Stoke City', 'Arsenal ', '3 - 1'),
(809, 3, 9, '2013-09-22 15:00:00', 'Tottenham', 'Cardiff ', '0 - 1'),
(810, 3, 9, '2013-09-22 15:00:00', 'Manchester United', 'Manchester City ', '4 - 1'),
(811, 3, 10, '2013-09-28 11:45:00', 'Chelsea', 'Tottenham ', '1 - 1'),
(812, 3, 10, '2013-09-28 14:00:00', 'Manchester City', 'AstonVilla ', '3 - 2'),
(813, 3, 10, '2013-09-28 14:00:00', 'Cardiff', 'Fulham ', '1 - 2'),
(814, 3, 10, '2013-09-28 14:00:00', 'West Ham', 'Hull City ', '1 - 0'),
(815, 3, 10, '2013-09-28 14:00:00', 'West Bromwich Albio', 'Manchester United ', '1 - 2'),
(816, 3, 10, '2013-09-28 14:00:00', 'Crystal P.', 'Southampton ', '2 - 0'),
(817, 3, 10, '2013-09-28 16:30:00', 'Arsenal', 'Swansea City ', '1 - 2'),
(818, 3, 10, '2013-09-29 12:30:00', 'Norwich City', 'Stoke City ', '0 - 1'),
(819, 3, 10, '2013-09-29 15:00:00', 'Liverpool', 'Sunderland ', '1 - 3'),
(820, 3, 10, '2013-09-30 19:00:00', 'Newcastle', 'Everton ', '3 - 2'),
(821, 3, 11, '2013-10-05 11:45:00', 'Everton', 'Manchester City ', '3 - 1'),
(822, 3, 11, '2013-10-05 14:00:00', 'Newcastle', 'Cardiff ', '1 - 2'),
(823, 3, 11, '2013-10-05 14:00:00', 'Stoke City', 'Fulham ', '1 - 0'),
(824, 3, 11, '2013-10-05 14:00:00', 'Aston Villa', 'Hull City ', '0 - 0'),
(825, 3, 11, '2013-10-05 14:00:00', 'Crystal P.', 'Liverpool ', '3 - 1'),
(826, 3, 11, '2013-10-05 16:30:00', 'Manchester United', 'Sunderland ', '1 - 2'),
(827, 3, 11, '2013-10-06 12:30:00', 'Chelsea', 'Norwich City ', '1 - 3'),
(828, 3, 11, '2013-10-06 12:30:00', 'Swansea City', 'Southampton ', '2 - 0'),
(829, 3, 11, '2013-10-06 15:00:00', 'West Ham', 'Tottenham ', '0 - 3'),
(830, 3, 11, '2013-10-06 15:00:00', 'Arsenal', 'West Bromwich Albion', '1 - 1'),
(831, 3, 12, '2013-10-19 11:45:00', 'Liverpool', 'Newcastle ', '2 - 2'),
(832, 3, 12, '2013-10-19 14:00:00', 'West Bromwich Albion', 'Stoke City ', '0 - 0'),
(833, 3, 12, '2013-10-19 14:00:00', 'Sunderland', 'Swansea City ', '4 - 0'),
(834, 3, 12, '2013-10-19 14:00:00', 'Cardiff', 'Chelsea ', '4 - 1'),
(835, 3, 12, '2013-10-19 14:00:00', 'Hull City', 'Everton ', '2 - 1'),
(836, 3, 12, '2013-10-19 14:00:00', 'Southampton', 'Manchester United ', '1 - 1'),
(837, 3, 12, '2013-10-19 14:00:00', 'Norwich City', 'Arsenal ', '4 - 1'),
(838, 3, 12, '2013-10-19 16:30:00', 'Manchester City', 'West Ham ', '1 - 3'),
(839, 3, 12, '2013-10-20 15:00:00', 'Tottenham', 'Aston Villa ', '0 - 2'),
(840, 3, 12, '2013-10-21 19:00:00', 'Fulham', 'Crystal P. ', '1 - 4'),
(841, 3, 13, '2013-10-26 11:45:00', 'Arsenal', 'Crystal P. ', '0 - 2'),
(842, 3, 13, '2013-10-26 14:00:00', 'West Bromwich Albion', 'Liverpool ', '4 - 1'),
(843, 3, 13, '2013-10-26 14:00:00', 'Stoke City', 'Manchester United ', '3 - 2'),
(844, 3, 13, '2013-10-26 14:00:00', 'Cardiff', 'Norwich City ', '0 - 0'),
(845, 3, 13, '2013-10-26 14:00:00', 'Everton', 'Aston Villa ', '0 - 2'),
(846, 3, 13, '2013-10-26 16:30:00', 'Fulham', 'Southampton ', '2 - 0'),
(847, 3, 13, '2013-10-27 13:30:00', 'Newcastle', 'Sunderland ', '2 - 1'),
(848, 3, 13, '2013-10-27 16:00:00', 'West Ham', 'Swansea City ', '0 - 0'),
(849, 3, 13, '2013-10-27 16:00:00', 'Hull City', 'Tottenham ', '1 - 0'),
(850, 3, 13, '2013-10-27 16:00:00', 'Manchester City', 'Chelsea ', '2 - 1'),
(851, 3, 14, '2013-11-02 12:45:00', 'Chelsea', 'Newcastle ', '2 - 0'),
(852, 3, 14, '2013-11-02 15:00:00', 'Southampton', 'Stoke City ', '1 - 1'),
(853, 3, 14, '2013-11-02 15:00:00', 'Crystal P.', 'West Bromwich Albion', '2 - 0'),
(854, 3, 14, '2013-11-02 15:00:00', 'Aston Villa', 'West Ham ', '0 - 0'),
(855, 3, 14, '2013-11-02 15:00:00', 'Manchester United', 'Fulham ', '1 - 3'),
(856, 3, 14, '2013-11-02 15:00:00', 'Sunderland', 'Hull City ', '1 - 0'),
(857, 3, 14, '2013-11-02 15:00:00', 'Norwich City', 'Manchester City ', '7 - 0'),
(858, 3, 14, '2013-11-02 17:30:00', 'Liverpool', 'Arsenal ', '2 - 0'),
(859, 3, 14, '2013-11-03 13:30:00', 'Tottenham', 'Everton ', '0 - 0'),
(860, 3, 14, '2013-11-03 16:00:00', 'Swansea City', 'Cardiff ', '1 - 0'),
(861, 3, 15, '2013-11-09 15:00:00', 'Cardiff', 'Aston Villa ', '-'),
(862, 3, 15, '2013-11-09 15:00:00', 'West Bromwich Albion', 'Chelsea ', '-'),
(863, 3, 15, '2013-11-09 15:00:00', 'Everton', 'Crystal P. ', '-'),
(864, 3, 15, '2013-11-09 15:00:00', 'Fulham', 'Liverpool ', '-'),
(865, 3, 15, '2013-11-09 15:00:00', 'Hull City', 'Southampton ', '-'),
(866, 3, 15, '2013-11-09 17:30:00', 'West Ham', 'Norwich City ', '-'),
(867, 3, 15, '2013-11-10 12:00:00', 'Newcastle', 'Tottenham ', '-'),
(868, 3, 15, '2013-11-10 14:05:00', 'Manchester City', 'Sunderland ', '-'),
(869, 3, 15, '2013-11-10 16:10:00', 'Stoke City', 'Swansea City ', '-'),
(870, 3, 15, '2013-11-10 16:10:00', 'Arsenal', 'Manchester United ', '-'),
(871, 3, 16, '2013-11-23 12:45:00', 'Liverpool', 'Everton ', '-'),
(872, 3, 16, '2013-11-23 15:00:00', 'Swansea City', 'Fulham ', '-'),
(873, 3, 16, '2013-11-23 15:00:00', 'Crystal P.', 'Hull City ', '-'),
(874, 3, 16, '2013-11-23 15:00:00', 'Norwich City', 'Newcastle ', '-'),
(875, 3, 16, '2013-11-23 15:00:00', 'Sunderland', 'Stoke City ', '-'),
(876, 3, 16, '2013-11-23 15:00:00', 'Southampton', 'Arsenal ', '-'),
(877, 3, 16, '2013-11-23 17:30:00', 'Chelsea', 'West Ham ', '-'),
(878, 3, 16, '2013-11-24 13:30:00', 'Tottenham', 'Manchester City ', '-'),
(879, 3, 16, '2013-11-24 16:00:00', 'Manchester United', 'Cardiff ', '-'),
(880, 3, 16, '2013-11-25 20:00:00', 'Aston Villa', 'West Bromwich Albion', '-'),
(881, 3, 17, '2013-11-30 15:00:00', 'Sunderland', 'Aston Villa ', '-'),
(882, 3, 17, '2013-11-30 15:00:00', 'Arsenal', 'Cardiff ', '-'),
(883, 3, 17, '2013-11-30 15:00:00', 'Stoke City', 'Everton ', '-'),
(884, 3, 17, '2013-11-30 15:00:00', 'Crystal P.', 'Norwich City ', '-'),
(885, 3, 17, '2013-11-30 15:00:00', 'Fulham', 'West Ham ', '-'),
(886, 3, 17, '2013-11-30 17:30:00', 'West Bromwich Albion', 'Newcastle ', '-'),
(887, 3, 17, '2013-12-01 12:00:00', 'Manchester United', 'Tottenham ', '-'),
(888, 3, 17, '2013-12-01 14:05:00', 'Liverpool', 'Hull City ', '-'),
(889, 3, 17, '2013-12-01 16:10:00', 'Swansea City', 'Manchester City ', '-'),
(890, 3, 17, '2013-12-01 16:10:00', 'Southampton', 'Chelsea ', '-'),
(891, 3, 18, '2013-12-03 20:00:00', 'West Ham', 'Crystal P. ', '-'),
(892, 3, 18, '2013-12-04 19:45:00', 'Norwich City', 'Liverpool ', '-'),
(893, 3, 18, '2013-12-04 19:45:00', 'Everton', 'Manchester United ', '-'),
(894, 3, 18, '2013-12-04 19:45:00', 'Aston Villa', 'Southampton ', '-'),
(895, 3, 18, '2013-12-04 19:45:00', 'Cardiff', 'Stoke City ', '-'),
(896, 3, 18, '2013-12-04 19:45:00', 'Chelsea', 'Sunderland ', '-'),
(897, 3, 18, '2013-12-04 19:45:00', 'Newcastle', 'Swansea City ', '-'),
(898, 3, 18, '2013-12-04 19:45:00', 'Hull City', 'Arsenal ', '-'),
(899, 3, 18, '2013-12-04 20:00:00', 'Manchester City', 'West Bromwich Albion', '-'),
(900, 3, 18, '2013-12-04 20:00:00', 'Tottenham', 'Fulham ', '-'),
(901, 3, 19, '2013-12-07 12:45:00', 'Newcastle', 'Manchester United ', '-'),
(902, 3, 19, '2013-12-07 15:00:00', 'Manchester City', 'Southampton ', '-'),
(903, 3, 19, '2013-12-07 15:00:00', 'Chelsea', 'Stoke City ', '-'),
(904, 3, 19, '2013-12-07 15:00:00', 'West Ham', 'Liverpool ', '-'),
(905, 3, 19, '2013-12-07 15:00:00', 'Norwich City', 'West Bromwich Albion', '-'),
(906, 3, 19, '2013-12-07 15:00:00', 'Cardiff', 'Crystal P. ', '-'),
(907, 3, 19, '2013-12-07 17:30:00', 'Tottenham', 'Sunderland ', '-'),
(908, 3, 19, '2013-12-08 13:30:00', 'Aston Villa', 'Fulham ', '-'),
(909, 3, 19, '2013-12-08 16:00:00', 'Everton', 'Arsenal ', '-'),
(910, 3, 19, '2013-12-09 20:00:00', 'Hull City', 'Swansea City ', '-'),
(911, 3, 20, '2013-12-14 12:45:00', 'Arsenal', 'Manchester City ', '-'),
(912, 3, 20, '2013-12-14 15:00:00', 'Southampton', 'Newcastle ', '-'),
(913, 3, 20, '2013-12-14 15:00:00', 'West Bromwich Albion', 'Cardiff ', '-'),
(914, 3, 20, '2013-12-14 15:00:00', 'Crystal P.', 'Chelsea ', '-'),
(915, 3, 20, '2013-12-14 15:00:00', 'Fulham', 'Everton ', '-'),
(916, 3, 20, '2013-12-14 15:00:00', 'Sunderland', 'West Ham ', '-'),
(917, 3, 20, '2013-12-14 17:30:00', 'Stoke City', 'Hull City ', '-'),
(918, 3, 20, '2013-12-15 13:30:00', 'Swansea City', 'Norwich City ', '-'),
(919, 3, 20, '2013-12-15 13:30:00', 'Manchester United', 'Aston Villa ', '-'),
(920, 3, 20, '2013-12-15 16:00:00', 'Liverpool', 'Tottenham ', '-'),
(921, 3, 21, '2013-12-21 12:45:00', 'Cardiff', 'Liverpool ', '-'),
(922, 3, 21, '2013-12-21 15:00:00', 'West Ham', 'Manchester United ', '-'),
(923, 3, 21, '2013-12-21 15:00:00', 'Aston Villa', 'Stoke City ', '-'),
(924, 3, 21, '2013-12-21 15:00:00', 'Norwich City', 'Sunderland ', '-'),
(925, 3, 21, '2013-12-21 15:00:00', 'Newcastle', 'Crystal P. ', '-'),
(926, 3, 21, '2013-12-21 15:00:00', 'Manchester City', 'Fulham ', '-'),
(927, 3, 21, '2013-12-21 15:00:00', 'Hull City', 'West Bromwich Albion', '-'),
(928, 3, 21, '2013-12-22 13:30:00', 'Tottenham', 'Southampton ', '-'),
(929, 3, 21, '2013-12-22 16:00:00', 'Everton', 'Swansea City ', '-'),
(930, 3, 21, '2013-12-23 20:00:00', 'Chelsea', 'Arsenal ', '-'),
(931, 3, 22, '2013-12-26 12:45:00', 'Manchester United', 'Hull City ', '-'),
(932, 3, 22, '2013-12-26 15:00:00', 'Crystal P.', 'Aston Villa ', '-'),
(933, 3, 22, '2013-12-26 15:00:00', 'Southampton', 'Cardiff ', '-'),
(934, 3, 22, '2013-12-26 15:00:00', 'Swansea City', 'Chelsea ', '-'),
(935, 3, 22, '2013-12-26 15:00:00', 'Sunderland', 'Everton ', '-'),
(936, 3, 22, '2013-12-26 15:00:00', 'Stoke City', 'Newcastle ', '-'),
(937, 3, 22, '2013-12-26 15:00:00', 'Fulham ', 'Norwich City ', '-'),
(938, 3, 22, '2013-12-26 15:00:00', 'West Bromwich Albion', 'Tottenham ', '-'),
(939, 3, 22, '2013-12-26 15:00:00', 'Arsenal', 'West Ham ', '-'),
(940, 3, 22, '2013-12-26 17:30:00', 'Liverpool', 'Manchester City ', '-'),
(941, 3, 23, '2013-12-28 12:45:00', 'West Bromwich Albion', 'West Ham ', '-'),
(942, 3, 23, '2013-12-28 15:00:00', 'Fulham', 'Hull City ', '-'),
(943, 3, 23, '2013-12-28 15:00:00', 'Crystal P.', 'Manchester City ', '-'),
(944, 3, 23, '2013-12-28 15:00:00', 'Swansea City', 'Aston Villa ', '-'),
(945, 3, 23, '2013-12-28 15:00:00', 'Manchester United', 'Norwich City ', '-'),
(946, 3, 23, '2013-12-28 17:30:00', 'Sunderland', 'Cardiff ', '-'),
(947, 3, 23, '2013-12-29 13:30:00', 'Arsenal', 'Newcastle ', '-'),
(948, 3, 23, '2013-12-29 13:30:00', 'Southampton', 'Everton ', '-'),
(949, 3, 23, '2013-12-29 16:00:00', 'Liverpool', 'Chelsea ', '-'),
(950, 3, 23, '2013-12-29 16:00:00', 'Stoke City', 'Tottenham ', '-'),
(951, 3, 24, '2014-01-01 12:45:00', 'Manchester City', 'Swansea City ', '-'),
(952, 3, 24, '2014-01-01 15:00:00', 'Newcastle', 'West Bromwich Albion', '-'),
(953, 3, 24, '2014-01-01 15:00:00', 'Chelsea', 'Southampton ', '-'),
(954, 3, 24, '2014-01-01 15:00:00', 'Everton', 'Stoke City ', '-'),
(955, 3, 24, '2014-01-01 15:00:00', 'Aston Villa', 'Sunderland ', '-'),
(956, 3, 24, '2014-01-01 15:00:00', 'Cardiff', 'Arsenal ', '-'),
(957, 3, 24, '2014-01-01 15:00:00', 'Norwich City', 'Crystal P. ', '-'),
(958, 3, 24, '2014-01-01 15:00:00', 'West Ham', 'Fulham ', '-'),
(959, 3, 24, '2014-01-01 15:00:00', 'Hull City', 'Liverpool ', '-'),
(960, 3, 24, '2014-01-01 17:30:00', 'Tottenham', 'Manchester United ', '-'),
(961, 3, 25, '2014-01-11 12:45:00', 'Chelsea', 'Hull City ', '-'),
(962, 3, 25, '2014-01-11 15:00:00', 'West Bromwich Albion', 'Southampton ', '-'),
(963, 3, 25, '2014-01-11 15:00:00', 'Crystal P.', 'Tottenham ', '-'),
(964, 3, 25, '2014-01-11 15:00:00', 'West Ham', 'Cardiff ', '-'),
(965, 3, 25, '2014-01-11 15:00:00', 'Norwich City', 'Everton ', '-'),
(966, 3, 25, '2014-01-11 15:00:00', 'Sunderland', 'Fulham ', '-'),
(967, 3, 25, '2014-01-11 17:30:00', 'Swansea City', 'Manchester United ', '-'),
(968, 3, 25, '2014-01-12 14:05:00', 'Manchester City', 'Newcastle ', '-'),
(969, 3, 25, '2014-01-12 16:10:00', 'Liverpool', 'Stoke City ', '-'),
(970, 3, 25, '2014-01-13 20:00:00', 'Arsenal', 'Aston Villa ', '-'),
(971, 3, 26, '2014-01-18 12:45:00', 'Southampton', 'Sunderland ', '-'),
(972, 3, 26, '2014-01-18 15:00:00', 'Cardiff', 'Manchester City ', '-'),
(973, 3, 26, '2014-01-18 15:00:00', 'Hull City', 'Norwich City ', '-'),
(974, 3, 26, '2014-01-18 15:00:00', 'Newcastle', 'West Ham ', '-'),
(975, 3, 26, '2014-01-18 15:00:00', 'Fulham', 'Arsenal ', '-'),
(976, 3, 26, '2014-01-18 15:00:00', 'Stoke City', 'Crystal P. ', '-'),
(977, 3, 26, '2014-01-18 17:30:00', 'Aston Villa', 'Liverpool ', '-'),
(978, 3, 26, '2014-01-19 13:30:00', 'Tottenham', 'Swansea City ', '-'),
(979, 3, 26, '2014-01-19 16:00:00', 'Manchester United', 'Chelsea ', '-'),
(980, 3, 26, '2014-01-20 20:00:00', 'Everton', 'West Bromwich Albion', '-'),
(981, 3, 27, '2014-01-28 19:45:00', 'West Bromwich Albion', 'Aston Villa ', '-'),
(982, 3, 27, '2014-01-28 19:45:00', 'Cardiff', 'Manchester United ', '-'),
(983, 3, 27, '2014-01-28 19:45:00', 'Newcastle', 'Norwich City ', '-'),
(984, 3, 27, '2014-01-28 19:45:00', 'Arsenal', 'Southampton ', '-'),
(985, 3, 27, '2014-01-28 19:45:00', 'Stoke City', 'Sunderland ', '-'),
(986, 3, 27, '2014-01-28 19:45:00', 'Fulham', 'Swansea City ', '-'),
(987, 3, 27, '2014-01-28 20:00:00', 'Hull City', 'Crystal P. ', '-'),
(988, 3, 27, '2014-01-28 20:00:00', 'Everton', 'Liverpool ', '-'),
(989, 3, 27, '2014-01-29 19:45:00', 'West Ham', 'Chelsea ', '-'),
(990, 3, 27, '2014-01-29 19:45:00', 'Manchester City', 'Tottenham ', '-'),
(991, 3, 28, '2014-02-01 15:00:00', 'Crystal P.', 'Arsenal ', '-'),
(992, 3, 28, '2014-02-01 15:00:00', 'Norwich City', 'Cardiff ', '-'),
(993, 3, 28, '2014-02-01 15:00:00', 'Aston Villa', 'Everton ', '-'),
(994, 3, 28, '2014-02-01 15:00:00', 'Southampton', 'Fulham ', '-'),
(995, 3, 28, '2014-02-01 15:00:00', 'Tottenham', 'Hull City ', '-'),
(996, 3, 28, '2014-02-01 15:00:00', 'Chelsea', 'Manchester City ', '-'),
(997, 3, 28, '2014-02-01 15:00:00', 'Sunderland', 'Newcastle ', '-'),
(998, 3, 28, '2014-02-01 15:00:00', 'Manchester United', 'Stoke City ', '-'),
(999, 3, 28, '2014-02-01 15:00:00', 'Liverpool', 'West Bromwich Albion', '-'),
(1000, 3, 28, '2014-02-01 15:00:00', 'Swansea City', 'West Ham ', '-'),
(1001, 3, 29, '2014-02-08 15:00:00', 'West Ham', 'Aston Villa ', '-'),
(1002, 3, 29, '2014-02-08 15:00:00', 'Newcastle', 'Chelsea ', '-'),
(1003, 3, 29, '2014-02-08 15:00:00', 'West Bromwich Albion', 'Crystal P. ', '-'),
(1004, 3, 29, '2014-02-08 15:00:00', 'Arsenal', 'Liverpool ', '-'),
(1005, 3, 29, '2014-02-08 15:00:00', 'Fulham', 'Manchester United ', '-'),
(1006, 3, 29, '2014-02-08 15:00:00', 'Manchester City', 'Norwich City ', '-'),
(1007, 3, 29, '2014-02-08 15:00:00', 'Stoke City', 'Southampton ', '-'),
(1008, 3, 29, '2014-02-08 15:00:00', 'Hull City', 'Sunderland ', '-'),
(1009, 3, 29, '2014-02-08 15:00:00', 'Cardiff', 'Swansea City ', '-'),
(1010, 3, 29, '2014-02-08 15:00:00', 'Everton', 'Tottenham ', '-'),
(1011, 3, 30, '2014-02-11 19:45:00', 'Manchester United', 'Arsenal ', '-'),
(1012, 3, 30, '2014-02-11 19:45:00', 'Aston Villa', 'Cardiff ', '-'),
(1013, 3, 30, '2014-02-11 19:45:00', 'Southampton', 'Hull City ', '-'),
(1014, 3, 30, '2014-02-11 19:45:00', 'Norwich City', 'West Ham ', '-'),
(1015, 3, 30, '2014-02-11 20:00:00', 'Chelsea', 'West Bromwich Albion', '-'),
(1016, 3, 30, '2014-02-12 19:45:00', 'Crystal P.', 'Everton ', '-'),
(1017, 3, 30, '2014-02-12 19:45:00', 'Swansea City', 'Stoke City ', '-'),
(1018, 3, 30, '2014-02-12 19:45:00', 'Sunderland', 'Manchester City ', '-'),
(1019, 3, 30, '2014-02-12 19:45:00', 'Tottenham', 'Newcastle ', '-'),
(1020, 3, 30, '2014-02-12 20:00:00', 'Liverpool', 'Fulham ', '-'),
(1021, 3, 31, '2014-02-22 15:00:00', 'Hull City', 'Cardiff ', '-'),
(1022, 3, 31, '2014-02-22 15:00:00', 'Everton', 'Chelsea ', '-'),
(1023, 3, 31, '2014-02-22 15:00:00', 'Manchester United', 'Crystal P. ', '-'),
(1024, 3, 31, '2014-02-22 15:00:00', 'Swansea City', 'Liverpool ', '-'),
(1025, 3, 31, '2014-02-22 15:00:00', 'Stoke City', 'Manchester City ', '-'),
(1026, 3, 31, '2014-02-22 15:00:00', 'Aston Villa', 'Newcastle ', '-'),
(1027, 3, 31, '2014-02-22 15:00:00', 'Tottenham', 'Norwich City ', '-'),
(1028, 3, 31, '2014-02-22 15:00:00', 'Fulham', 'West Bromwich Albion', '-'),
(1029, 3, 31, '2014-02-22 15:00:00', 'Southampton', 'West Ham ', '-'),
(1030, 3, 31, '2014-02-22 15:00:00', 'Sunderland', 'Arsenal ', '-'),
(1031, 3, 32, '2014-03-01 15:00:00', 'Norwich City', 'Aston Villa ', '-'),
(1032, 3, 32, '2014-03-01 15:00:00', 'West Ham', 'Everton ', '-'),
(1033, 3, 32, '2014-03-01 15:00:00', 'Chelsea', 'Fulham ', '-'),
(1034, 3, 32, '2014-03-01 15:00:00', 'Newcastle', 'Hull City ', '-'),
(1035, 3, 32, '2014-03-01 15:00:00', 'Manchester City', 'Manchester United ', '-'),
(1036, 3, 32, '2014-03-01 15:00:00', 'Liverpool', 'Southampton ', '-'),
(1037, 3, 32, '2014-03-01 15:00:00', 'Arsenal', 'Stoke City ', '-'),
(1038, 3, 32, '2014-03-01 15:00:00', 'West Bromwich Albion', 'Sunderland ', '-'),
(1039, 3, 32, '2014-03-01 15:00:00', 'Crystal P.', 'Swansea City ', '-'),
(1040, 3, 32, '2014-03-01 15:00:00', 'Cardiff', 'Tottenham ', '-'),
(1041, 3, 33, '2014-03-08 15:00:00', 'Fulham', 'Cardiff ', '-'),
(1042, 3, 33, '2014-03-08 15:00:00', 'Tottenham', 'Chelsea ', '-'),
(1043, 3, 33, '2014-03-08 15:00:00', 'Southampton', 'Crystal P. ', '-'),
(1044, 3, 33, '2014-03-08 15:00:00', 'Sunderland', 'Liverpool ', '-'),
(1045, 3, 33, '2014-03-08 15:00:00', 'Aston Villa', 'Manchester City ', '-'),
(1046, 3, 33, '2014-03-08 15:00:00', 'Everton', 'Newcastle ', '-'),
(1047, 3, 33, '2014-03-08 15:00:00', 'Stoke City', 'Norwich City ', '-'),
(1048, 3, 33, '2014-03-08 15:00:00', 'Manchester United', 'West Bromwich Albion', '-'),
(1049, 3, 33, '2014-03-08 15:00:00', 'Hull City', 'West Ham ', '-'),
(1050, 3, 33, '2014-03-08 15:00:00', 'Swansea City', 'Arsenal ', '-'),
(1051, 3, 34, '2014-03-15 15:00:00', 'Chelsea', 'Aston Villa ', '-'),
(1052, 3, 34, '2014-03-15 15:00:00', 'Cardiff', 'Everton ', '-'),
(1053, 3, 34, '2014-03-15 15:00:00', 'Newcastle', 'Fulham ', '-'),
(1054, 3, 34, '2014-03-15 15:00:00', 'Manchester City', 'Hull City ', '-'),
(1055, 3, 34, '2014-03-15 15:00:00', 'Liverpool', 'Manchester United ', '-'),
(1056, 3, 34, '2014-03-15 15:00:00', 'Norwich City', 'Southampton ', '-'),
(1057, 3, 34, '2014-03-15 15:00:00', 'West Ham', 'Stoke City ', '-'),
(1058, 3, 34, '2014-03-15 15:00:00', 'Crystal P.', 'Sunderland ', '-'),
(1059, 3, 34, '2014-03-15 15:00:00', 'West Bromwich Albion', 'Swansea City ', '-'),
(1060, 3, 34, '2014-03-15 15:00:00', 'Arsenal', 'Tottenham ', '-'),
(1061, 3, 35, '2014-03-22 15:00:00', 'Stoke City', 'Aston Villa ', '-'),
(1062, 3, 35, '2014-03-22 15:00:00', 'Liverpool', 'Cardiff ', '-'),
(1063, 3, 35, '2014-03-22 15:00:00', 'Arsenal', 'Chelsea ', '-'),
(1064, 3, 35, '2014-03-22 15:00:00', 'Swansea City', 'Everton ', '-'),
(1065, 3, 35, '2014-03-22 15:00:00', 'West Bromwich Albion', 'Hull City ', '-'),
(1066, 3, 35, '2014-03-22 15:00:00', 'Fulham', 'Manchester City ', '-'),
(1067, 3, 35, '2014-03-22 15:00:00', 'Crystal P.', 'Newcastle ', '-'),
(1068, 3, 35, '2014-03-22 15:00:00', 'Sunderland', 'Norwich City ', '-'),
(1069, 3, 35, '2014-03-22 15:00:00', 'Southampton', 'Tottenham ', '-'),
(1070, 3, 35, '2014-03-22 15:00:00', 'Manchester United', 'West Ham ', '-'),
(1071, 3, 36, '2014-03-29 15:00:00', 'Manchester City', 'Arsenal ', '-'),
(1072, 3, 36, '2014-03-29 15:00:00', 'Chelsea', 'Crystal P. ', '-'),
(1073, 3, 36, '2014-03-29 15:00:00', 'Everton', 'Fulham ', '-'),
(1074, 3, 36, '2014-03-29 15:00:00', 'Tottenham', 'Liverpool ', '-'),
(1075, 3, 36, '2014-03-29 15:00:00', 'Aston Villa', 'Manchester United ', '-'),
(1076, 3, 36, '2014-03-29 15:00:00', 'Newcastle', 'Southampton ', '-'),
(1077, 3, 36, '2014-03-29 15:00:00', 'Hull City', 'Stoke City ', '-'),
(1078, 3, 36, '2014-03-29 15:00:00', 'West Ham', 'Sunderland ', '-'),
(1079, 3, 36, '2014-03-29 15:00:00', 'Norwich City', 'Swansea City ', '-'),
(1080, 3, 36, '2014-03-29 15:00:00', 'Cardiff', 'West Bromwich Albion', '-'),
(1081, 3, 37, '2014-04-05 14:00:00', 'Fulham', 'Aston Villa ', '-'),
(1082, 3, 37, '2014-04-05 14:00:00', 'Crystal P.', 'Cardiff ', '-'),
(1083, 3, 37, '2014-04-05 14:00:00', 'Stoke City', 'Chelsea ', '-'),
(1084, 3, 37, '2014-04-05 14:00:00', 'Arsenal', 'Everton ', '-'),
(1085, 3, 37, '2014-04-05 14:00:00', 'Swansea City', 'Hull City ', '-'),
(1086, 3, 37, '2014-04-05 14:00:00', 'Southampton', 'Manchester City ', '-'),
(1087, 3, 37, '2014-04-05 14:00:00', 'Manchester United', 'Newcastle ', '-'),
(1088, 3, 37, '2014-04-05 14:00:00', 'West Bromwich Albion', 'Norwich City ', '-'),
(1089, 3, 37, '2014-04-05 14:00:00', 'Sunderland', 'Tottenham ', '-'),
(1090, 3, 37, '2014-04-05 14:00:00', 'Liverpool', 'West Ham ', '-'),
(1091, 3, 38, '2014-04-12 14:00:00', 'Aston Villa', 'Crystal P. ', '-'),
(1092, 3, 38, '2014-04-12 14:00:00', 'Norwich City', 'Fulham ', '-'),
(1093, 3, 38, '2014-04-12 14:00:00', 'Manchester City', 'Liverpool ', '-'),
(1094, 3, 38, '2014-04-12 14:00:00', 'Hull City', 'Manchester United ', '-'),
(1095, 3, 38, '2014-04-12 14:00:00', 'Cardiff', 'Southampton ', '-'),
(1096, 3, 38, '2014-04-12 14:00:00', 'Newcastle', 'Stoke City ', '-'),
(1097, 3, 38, '2014-04-12 14:00:00', 'Everton', 'Sunderland ', '-'),
(1098, 3, 38, '2014-04-12 14:00:00', 'Chelsea', 'Swansea City ', '-'),
(1099, 3, 38, '2014-04-12 14:00:00', 'Tottenham', 'West Bromwich Albion', '-'),
(1100, 3, 38, '2014-04-12 14:00:00', 'West Ham', 'Arsenal ', '-'),
(1101, 3, 39, '2014-04-19 14:00:00', 'Southampton', 'Aston Villa ', '-'),
(1102, 3, 39, '2014-04-19 14:00:00', 'Stoke City', 'Cardiff ', '-'),
(1103, 3, 39, '2014-04-19 14:00:00', 'Sunderland', 'Chelsea ', '-'),
(1104, 3, 39, '2014-04-19 14:00:00', 'Manchester United', 'Everton ', '-'),
(1105, 3, 39, '2014-04-19 14:00:00', 'Arsenal', 'Hull City ', '-'),
(1106, 3, 39, '2014-04-19 14:00:00', 'West Bromwich Albion', 'Manchester City ', '-'),
(1107, 3, 39, '2014-04-19 14:00:00', 'Swansea City', 'Newcastle ', '-'),
(1108, 3, 39, '2014-04-19 14:00:00', 'Liverpool', 'Norwich City ', '-'),
(1109, 3, 39, '2014-04-19 14:00:00', 'Fulham', 'Tottenham ', '-'),
(1110, 3, 39, '2014-04-19 14:00:00', 'Crystal P.', 'West Ham ', '-'),
(1111, 3, 40, '2014-04-26 14:00:00', 'Newcastle', 'Arsenal ', '-'),
(1112, 3, 40, '2014-04-26 14:00:00', 'Manchester City', 'Crystal P. ', '-'),
(1113, 3, 40, '2014-04-26 14:00:00', 'Hull City', 'Fulham ', '-'),
(1114, 3, 40, '2014-04-26 14:00:00', 'Chelsea', 'Liverpool ', '-'),
(1115, 3, 40, '2014-04-26 14:00:00', 'Norwich City', 'Manchester United ', '-'),
(1116, 3, 40, '2014-04-26 14:00:00', 'Everton', 'Southampton ', '-'),
(1117, 3, 40, '2014-04-26 14:00:00', 'Tottenham', 'Stoke City ', '-'),
(1118, 3, 40, '2014-04-26 14:00:00', 'Cardiff', 'Sunderland ', '-'),
(1119, 3, 40, '2014-04-26 14:00:00', 'Aston Villa', 'Swansea City ', '-'),
(1120, 3, 40, '2014-04-26 14:00:00', 'West Ham', 'West Bromwich Albion', '-'),
(1121, 3, 41, '2014-05-03 14:00:00', 'West Bromwich Albion', 'Arsenal ', '-'),
(1122, 3, 41, '2014-05-03 14:00:00', 'Hull City', 'Aston Villa ', '-'),
(1123, 3, 41, '2014-05-03 14:00:00', 'Norwich City', 'Chelsea ', '-'),
(1124, 3, 41, '2014-05-03 14:00:00', 'Liverpool', 'Crystal P. ', '-'),
(1125, 3, 41, '2014-05-03 14:00:00', 'Manchester City', 'Everton ', '-'),
(1126, 3, 41, '2014-05-03 14:00:00', 'Sunderland', 'Manchester United ', '-'),
(1127, 3, 41, '2014-05-03 14:00:00', 'Cardiff', 'Newcastle ', '-'),
(1128, 3, 41, '2014-05-03 14:00:00', 'Fulham', 'Stoke City ', '-'),
(1129, 3, 41, '2014-05-03 14:00:00', 'Southampton', 'Swansea City ', '-'),
(1130, 3, 41, '2014-05-03 14:00:00', 'Tottenham', 'West Ham ', '-'),
(1131, 3, 42, '2014-05-11 14:00:00', 'Chelsea', 'Cardiff ', '-'),
(1132, 3, 42, '2014-05-11 14:00:00', 'Crystal P.', 'Fulham ', '-'),
(1133, 3, 42, '2014-05-11 14:00:00', 'Everton', 'Hull City ', '-'),
(1134, 3, 42, '2014-05-11 14:00:00', 'Newcastle', 'Liverpool ', '-'),
(1135, 3, 42, '2014-05-11 14:00:00', 'West Ham', 'Manchester City ', '-'),
(1136, 3, 42, '2014-05-11 14:00:00', 'Arsenal', 'Norwich City ', '-'),
(1137, 3, 42, '2014-05-11 14:00:00', 'Manchester United', 'Southampton ', '-'),
(1138, 3, 42, '2014-05-11 14:00:00', 'Swansea City', 'Sunderland ', '-'),
(1139, 3, 42, '2014-05-11 14:00:00', 'Aston Villa', 'Tottenham ', '-'),
(1140, 3, 42, '2014-05-11 14:00:00', 'Stoke City', 'West Bromwich Albion', '-');

-- --------------------------------------------------------

--
-- Struttura della tabella `fasi_competizioni`
--

CREATE TABLE IF NOT EXISTS `fasi_competizioni` (
  `ID_fase` int(11) NOT NULL AUTO_INCREMENT,
  `nome` varchar(50) COLLATE utf8_unicode_ci NOT NULL,
  PRIMARY KEY (`ID_fase`)
) ENGINE=InnoDB  DEFAULT CHARSET=utf8 COLLATE=utf8_unicode_ci AUTO_INCREMENT=43 ;

--
-- Dump dei dati per la tabella `fasi_competizioni`
--

INSERT INTO `fasi_competizioni` (`ID_fase`, `nome`) VALUES
(1, 'Finale'),
(2, 'Semifinale'),
(3, 'Quarti di finale'),
(4, 'Ottavi di finale'),
(5, 'Andata - 1^a giornata'),
(6, 'Andata - 2^a giornata'),
(7, 'Andata - 3^a giornata'),
(8, 'Andata - 4^a giornata'),
(9, 'Andata - 5^a giornata'),
(10, 'Andata - 6^a giornata'),
(11, 'Andata - 7^a giornata'),
(12, 'Andata - 8^a giornata'),
(13, 'Andata - 9^a giornata'),
(14, 'Andata - 10^a giornata'),
(15, 'Andata - 11^a giornata'),
(16, 'Andata - 12^a giornata'),
(17, 'Andata - 13^a giornata'),
(18, 'Andata - 14^a giornata'),
(19, 'Andata - 15^a giornata'),
(20, 'Andata - 16^a giornata'),
(21, 'Andata - 17^a giornata'),
(22, 'Andata - 18^a giornata'),
(23, 'Andata - 19^a giornata'),
(24, 'Ritorno - 1^a giornata'),
(25, 'Ritorno - 2^a giornata'),
(26, 'Ritorno - 3^a giornata'),
(27, 'Ritorno - 4^a giornata'),
(28, 'Ritorno - 5^a giornata'),
(29, 'Ritorno - 6^a giornata'),
(30, 'Ritorno - 7^a giornata'),
(31, 'Ritorno - 8^a giornata'),
(32, 'Ritorno - 9^a giornata'),
(33, 'Ritorno - 10^a giornata'),
(34, 'Ritorno - 11^a giornata'),
(35, 'Ritorno - 12^a giornata'),
(36, 'Ritorno - 13^a giornata'),
(37, 'Ritorno - 14^a giornata'),
(38, 'Ritorno - 15^a giornata'),
(39, 'Ritorno - 16^a giornata'),
(40, 'Ritorno - 17^a giornata'),
(41, 'Ritorno - 18^a giornata'),
(42, 'Ritorno - 19^a giornata');

-- --------------------------------------------------------

--
-- Struttura della tabella `giocate`
--

CREATE TABLE IF NOT EXISTS `giocate` (
  `ID_giocata` int(11) NOT NULL AUTO_INCREMENT,
  `ID_cliente` int(11) NOT NULL,
  `data` timestamp NOT NULL DEFAULT CURRENT_TIMESTAMP,
  `prodotto_quote` float NOT NULL,
  `elenco_quote` varchar(50) COLLATE utf8_unicode_ci NOT NULL DEFAULT '',
  `importo_scom` float NOT NULL,
  `Stato` varchar(50) COLLATE utf8_unicode_ci NOT NULL,
  PRIMARY KEY (`ID_giocata`)
) ENGINE=InnoDB  DEFAULT CHARSET=utf8 COLLATE=utf8_unicode_ci AUTO_INCREMENT=7 ;

--
-- Dump dei dati per la tabella `giocate`
--

INSERT INTO `giocate` (`ID_giocata`, `ID_cliente`, `data`, `prodotto_quote`, `elenco_quote`, `importo_scom`, `Stato`) VALUES
(1, 1, '2013-08-20 00:00:00', 19.2, '7,10,13', 20, '1'),
(2, 1, '2013-09-22 00:00:00', 12.5, '210, 216, 231', 50, '1'),
(3, 1, '2013-10-26 00:00:00', 33.79, '446, 453, 460, 471', 15, '1'),
(4, 1, '2013-12-18 19:08:27', 11.88, '706,713,725', 15, '1'),
(5, 1, '2013-12-18 19:20:31', 11.75, '701,713,748', 5, '1'),
(6, 1, '2013-12-22 19:46:59', 36.71, '703,708,711,746', 10, '1');

-- --------------------------------------------------------

--
-- Struttura della tabella `gruppi_risultati`
--

CREATE TABLE IF NOT EXISTS `gruppi_risultati` (
  `ID_gruppo` int(11) NOT NULL AUTO_INCREMENT,
  `descrizione` varchar(50) COLLATE utf8_unicode_ci NOT NULL,
  PRIMARY KEY (`ID_gruppo`)
) ENGINE=InnoDB  DEFAULT CHARSET=utf8 COLLATE=utf8_unicode_ci AUTO_INCREMENT=5 ;

--
-- Dump dei dati per la tabella `gruppi_risultati`
--

INSERT INTO `gruppi_risultati` (`ID_gruppo`, `descrizione`) VALUES
(1, 'Esito incontro '),
(2, 'Gol/NoGol'),
(3, 'Under/Over'),
(4, 'Doppia Chance');

-- --------------------------------------------------------

--
-- Struttura della tabella `movimenti_conti`
--

CREATE TABLE IF NOT EXISTS `movimenti_conti` (
  `ID_movimento` int(11) NOT NULL AUTO_INCREMENT,
  `ID_conto` int(11) NOT NULL,
  `ID_giocata` int(11) DEFAULT NULL,
  `data_movimento` date NOT NULL,
  `importo` int(11) NOT NULL,
  `descrizione` varchar(200) COLLATE utf8_unicode_ci NOT NULL,
  PRIMARY KEY (`ID_movimento`)
) ENGINE=InnoDB  DEFAULT CHARSET=utf8 COLLATE=utf8_unicode_ci AUTO_INCREMENT=2 ;

--
-- Dump dei dati per la tabella `movimenti_conti`
--

INSERT INTO `movimenti_conti` (`ID_movimento`, `ID_conto`, `ID_giocata`, `data_movimento`, `importo`, `descrizione`) VALUES
(1, 1, NULL, '2013-12-20', 50, 'caricati 50€ tramite post pay');

-- --------------------------------------------------------

--
-- Struttura della tabella `quote_disponibili`
--

CREATE TABLE IF NOT EXISTS `quote_disponibili` (
  `ID_quota` int(11) NOT NULL AUTO_INCREMENT,
  `ID_evento` int(11) NOT NULL,
  `ID_risultato` int(11) NOT NULL,
  `quota` float DEFAULT '0',
  `vincente` tinyint(1) NOT NULL DEFAULT '0',
  PRIMARY KEY (`ID_quota`)
) ENGINE=InnoDB  DEFAULT CHARSET=utf8 COLLATE=utf8_unicode_ci AUTO_INCREMENT=1901 ;

--
-- Dump dei dati per la tabella `quote_disponibili`
--

INSERT INTO `quote_disponibili` (`ID_quota`, `ID_evento`, `ID_risultato`, `quota`, `vincente`) VALUES
(1, 1, 1, 2.26, 1),
(2, 1, 3, 3.87, 0),
(3, 1, 2, 1.87, 0),
(4, 1, 4, 1.72, 1),
(5, 1, 5, 2.18, 0),
(6, 2, 1, 2.66, 0),
(7, 2, 3, 3.93, 1),
(8, 2, 2, 2.44, 0),
(9, 2, 4, 1.72, 0),
(10, 2, 5, 1.79, 1),
(11, 3, 1, 2.29, 1),
(12, 3, 3, 3.42, 0),
(13, 3, 2, 2.73, 0),
(14, 3, 4, 1.42, 0),
(15, 3, 5, 1.6, 1),
(16, 4, 1, 3.19, 1),
(17, 4, 3, 4, 0),
(18, 4, 2, 2.2, 0),
(19, 4, 4, 1.72, 1),
(20, 4, 5, 1.79, 0),
(21, 5, 1, 2.23, 0),
(22, 5, 3, 2.52, 1),
(23, 5, 2, 2.16, 0),
(24, 5, 4, 2.22, 0),
(25, 5, 5, 2.07, 1),
(26, 6, 1, 2.29, 1),
(27, 6, 3, 3.96, 0),
(28, 6, 2, 2.59, 0),
(29, 6, 4, 2.25, 0),
(30, 6, 5, 1.9, 1),
(31, 7, 1, 2.17, 0),
(32, 7, 3, 2.75, 0),
(33, 7, 2, 2.23, 1),
(34, 7, 4, 1.85, 0),
(35, 7, 5, 1.79, 1),
(36, 8, 1, 3.59, 1),
(37, 8, 3, 3.74, 0),
(38, 8, 2, 2.9, 0),
(39, 8, 4, 1.79, 0),
(40, 8, 5, 1.96, 1),
(41, 9, 1, 2.46, 1),
(42, 9, 3, 2.49, 0),
(43, 9, 2, 1.87, 0),
(44, 9, 4, 1.57, 1),
(45, 9, 5, 2.14, 0),
(46, 10, 1, 3.19, 1),
(47, 10, 3, 3.74, 0),
(48, 10, 2, 2.68, 0),
(49, 10, 4, 1.4, 1),
(50, 10, 5, 1.51, 0),
(51, 11, 1, 2.81, 0),
(52, 11, 3, 3.13, 1),
(53, 11, 2, 2.85, 0),
(54, 11, 4, 2.14, 1),
(55, 11, 5, 1.57, 0),
(56, 12, 1, 2.61, 1),
(57, 12, 3, 2.78, 0),
(58, 12, 2, 2.68, 0),
(59, 12, 4, 2.07, 1),
(60, 12, 5, 1.66, 0),
(61, 13, 1, 3.1, 1),
(62, 13, 3, 3.26, 0),
(63, 13, 2, 2.85, 0),
(64, 13, 4, 1.79, 0),
(65, 13, 5, 1.59, 1),
(66, 14, 1, 2.17, 0),
(67, 14, 3, 3.61, 1),
(68, 14, 2, 2.04, 0),
(69, 14, 4, 2.05, 1),
(70, 14, 5, 2.09, 0),
(71, 15, 1, 3.59, 1),
(72, 15, 3, 2.72, 0),
(73, 15, 2, 2.04, 0),
(74, 15, 4, 1.42, 1),
(75, 15, 5, 2.25, 0),
(76, 16, 1, 3.13, 1),
(77, 16, 3, 3.84, 0),
(78, 16, 2, 2.85, 0),
(79, 16, 4, 2.27, 1),
(80, 16, 5, 1.6, 0),
(81, 17, 1, 3.3, 0),
(82, 17, 3, 3.96, 1),
(83, 17, 2, 2.64, 0),
(84, 17, 4, 2.31, 1),
(85, 17, 5, 1.86, 0),
(86, 18, 1, 2.32, 1),
(87, 18, 3, 3.39, 0),
(88, 18, 2, 3, 0),
(89, 18, 4, 2.05, 0),
(90, 18, 5, 1.49, 1),
(91, 19, 1, 3.36, 0),
(92, 19, 3, 2.59, 0),
(93, 19, 2, 3, 1),
(94, 19, 4, 1.64, 1),
(95, 19, 5, 2.03, 0),
(96, 20, 1, 2.72, 0),
(97, 20, 3, 3.26, 1),
(98, 20, 2, 1.92, 0),
(99, 20, 4, 1.51, 0),
(100, 20, 5, 1.59, 1),
(101, 21, 1, 3.36, 0),
(102, 21, 3, 3.45, 0),
(103, 21, 2, 2.13, 1),
(104, 21, 4, 1.99, 1),
(105, 21, 5, 1.46, 0),
(106, 22, 1, 3.19, 1),
(107, 22, 3, 3.29, 0),
(108, 22, 2, 2.04, 0),
(109, 22, 4, 1.75, 0),
(110, 22, 5, 1.94, 1),
(111, 23, 1, 2.49, 0),
(112, 23, 3, 2.62, 0),
(113, 23, 2, 2.13, 1),
(114, 23, 4, 2.05, 1),
(115, 23, 5, 1.62, 0),
(116, 24, 1, 2.17, 0),
(117, 24, 3, 3.45, 0),
(118, 24, 2, 2.68, 1),
(119, 24, 4, 2.22, 1),
(120, 24, 5, 2.1, 0),
(121, 25, 1, 2.49, 1),
(122, 25, 3, 2.88, 0),
(123, 25, 2, 1.8, 0),
(124, 25, 4, 1.59, 0),
(125, 25, 5, 1.81, 1),
(126, 26, 1, 3.5, 1),
(127, 26, 3, 2.62, 0),
(128, 26, 2, 2.44, 0),
(129, 26, 4, 1.85, 0),
(130, 26, 5, 1.9, 1),
(131, 27, 1, 2.26, 0),
(132, 27, 3, 2.62, 0),
(133, 27, 2, 2.47, 1),
(134, 27, 4, 1.88, 1),
(135, 27, 5, 1.66, 0),
(136, 28, 1, 3.01, 1),
(137, 28, 3, 2.72, 0),
(138, 28, 2, 2.04, 0),
(139, 28, 4, 1.85, 0),
(140, 28, 5, 2.14, 1),
(141, 29, 1, 2.17, 0),
(142, 29, 3, 3.42, 1),
(143, 29, 2, 2.88, 0),
(144, 29, 4, 1.59, 0),
(145, 29, 5, 1.75, 1),
(146, 30, 1, 3.45, 0),
(147, 30, 3, 3.2, 1),
(148, 30, 2, 2.71, 0),
(149, 30, 4, 2.23, 1),
(150, 30, 5, 1.81, 0),
(151, 31, 1, 3.33, 1),
(152, 31, 3, 3.2, 0),
(153, 31, 2, 2.37, 0),
(154, 31, 4, 1.64, 1),
(155, 31, 5, 2.12, 0),
(156, 32, 1, 2.55, 0),
(157, 32, 3, 2.84, 0),
(158, 32, 2, 2.4, 1),
(159, 32, 4, 2.05, 1),
(160, 32, 5, 2.23, 0),
(161, 33, 1, 2.98, 0),
(162, 33, 3, 2.94, 0),
(163, 33, 2, 2.88, 1),
(164, 33, 4, 2.25, 0),
(165, 33, 5, 2.12, 1),
(166, 34, 1, 2.49, 0),
(167, 34, 3, 3.58, 1),
(168, 34, 2, 2.49, 0),
(169, 34, 4, 1.83, 0),
(170, 34, 5, 1.94, 1),
(171, 35, 1, 3.33, 0),
(172, 35, 3, 3.29, 0),
(173, 35, 2, 2.11, 1),
(174, 35, 4, 2.27, 0),
(175, 35, 5, 1.49, 1),
(176, 36, 1, 2.84, 1),
(177, 36, 3, 3.55, 0),
(178, 36, 2, 2.08, 0),
(179, 36, 4, 2.14, 0),
(180, 36, 5, 1.57, 1),
(181, 37, 1, 2.29, 1),
(182, 37, 3, 2.88, 0),
(183, 37, 2, 2.01, 0),
(184, 37, 4, 2.22, 1),
(185, 37, 5, 1.49, 0),
(186, 38, 1, 3.07, 0),
(187, 38, 3, 2.68, 1),
(188, 38, 2, 2.37, 0),
(189, 38, 4, 1.99, 0),
(190, 38, 5, 1.7, 1),
(191, 39, 1, 3.07, 0),
(192, 39, 3, 2.84, 1),
(193, 39, 2, 2.06, 0),
(194, 39, 4, 2.16, 1),
(195, 39, 5, 1.75, 0),
(196, 40, 1, 3.48, 0),
(197, 40, 3, 3.96, 1),
(198, 40, 2, 2.85, 0),
(199, 40, 4, 2.09, 1),
(200, 40, 5, 1.88, 0),
(201, 41, 1, 2.43, 1),
(202, 41, 3, 3.74, 0),
(203, 41, 2, 2.9, 0),
(204, 41, 4, 1.42, 0),
(205, 41, 5, 1.96, 1),
(206, 42, 1, 3.24, 1),
(207, 42, 3, 2.84, 0),
(208, 42, 2, 2.61, 0),
(209, 42, 4, 2.2, 1),
(210, 42, 5, 1.96, 0),
(211, 43, 1, 3.36, 0),
(212, 43, 3, 2.88, 0),
(213, 43, 2, 2.54, 1),
(214, 43, 4, 1.38, 1),
(215, 43, 5, 2.31, 0),
(216, 44, 1, 2.32, 0),
(217, 44, 3, 2.46, 0),
(218, 44, 2, 2.66, 1),
(219, 44, 4, 2.09, 1),
(220, 44, 5, 1.55, 0),
(221, 45, 1, 3.01, 1),
(222, 45, 3, 3.16, 0),
(223, 45, 2, 2.49, 0),
(224, 45, 4, 1.68, 1),
(225, 45, 5, 1.79, 0),
(226, 46, 1, 2.32, 0),
(227, 46, 3, 3.9, 1),
(228, 46, 2, 1.99, 0),
(229, 46, 4, 1.83, 0),
(230, 46, 5, 2.07, 1),
(231, 47, 1, 2.75, 0),
(232, 47, 3, 2.49, 0),
(233, 47, 2, 2.76, 1),
(234, 47, 4, 1.42, 1),
(235, 47, 5, 1.51, 0),
(236, 48, 1, 2.29, 0),
(237, 48, 3, 3.55, 0),
(238, 48, 2, 2.01, 1),
(239, 48, 4, 1.96, 1),
(240, 48, 5, 2.27, 0),
(241, 49, 1, 3.07, 0),
(242, 49, 3, 3.96, 1),
(243, 49, 2, 2.04, 0),
(244, 49, 4, 2.14, 1),
(245, 49, 5, 1.46, 0),
(246, 50, 1, 3.53, 1),
(247, 50, 3, 3.04, 0),
(248, 50, 2, 2.66, 0),
(249, 50, 4, 2.07, 1),
(250, 50, 5, 1.57, 0),
(251, 51, 1, 3.45, 0),
(252, 51, 3, 2.65, 1),
(253, 51, 2, 2.16, 0),
(254, 51, 4, 1.4, 0),
(255, 51, 5, 1.9, 1),
(256, 52, 1, 2.95, 1),
(257, 52, 3, 2.65, 0),
(258, 52, 2, 2.2, 0),
(259, 52, 4, 2.22, 0),
(260, 52, 5, 1.62, 1),
(261, 53, 1, 3.3, 0),
(262, 53, 3, 3.93, 1),
(263, 53, 2, 3, 0),
(264, 53, 4, 2.18, 0),
(265, 53, 5, 1.81, 1),
(266, 54, 1, 2.87, 1),
(267, 54, 3, 3.52, 0),
(268, 54, 2, 2.97, 0),
(269, 54, 4, 2.01, 1),
(270, 54, 5, 2.09, 0),
(271, 55, 1, 2.4, 1),
(272, 55, 3, 3.32, 0),
(273, 55, 2, 2.08, 0),
(274, 55, 4, 1.73, 0),
(275, 55, 5, 1.81, 1),
(276, 56, 1, 2.95, 0),
(277, 56, 3, 3.04, 0),
(278, 56, 2, 1.89, 1),
(279, 56, 4, 2.01, 1),
(280, 56, 5, 1.7, 0),
(281, 57, 1, 2.17, 1),
(282, 57, 3, 2.62, 0),
(283, 57, 2, 2.28, 0),
(284, 57, 4, 1.83, 0),
(285, 57, 5, 1.92, 1),
(286, 58, 1, 2.81, 0),
(287, 58, 3, 2.46, 0),
(288, 58, 2, 2.28, 1),
(289, 58, 4, 1.85, 1),
(290, 58, 5, 2.2, 0),
(291, 59, 1, 2.58, 1),
(292, 59, 3, 3.58, 0),
(293, 59, 2, 2.92, 0),
(294, 59, 4, 1.62, 0),
(295, 59, 5, 1.4, 1),
(296, 60, 1, 2.66, 0),
(297, 60, 3, 3.1, 0),
(298, 60, 2, 2.73, 1),
(299, 60, 4, 1.6, 1),
(300, 60, 5, 1.94, 0),
(301, 61, 1, 3.3, 0),
(302, 61, 3, 2.59, 1),
(303, 61, 2, 2.3, 0),
(304, 61, 4, 2.05, 0),
(305, 61, 5, 1.99, 1),
(306, 62, 1, 2.23, 0),
(307, 62, 3, 3.71, 1),
(308, 62, 2, 2.78, 0),
(309, 62, 4, 2.31, 0),
(310, 62, 5, 1.73, 1),
(311, 63, 1, 3.13, 1),
(312, 63, 3, 3.9, 0),
(313, 63, 2, 2.49, 0),
(314, 63, 4, 1.48, 1),
(315, 63, 5, 2.29, 0),
(316, 64, 1, 2.63, 0),
(317, 64, 3, 3.96, 0),
(318, 64, 2, 2.2, 1),
(319, 64, 4, 1.66, 1),
(320, 64, 5, 1.49, 0),
(321, 65, 1, 2.95, 1),
(322, 65, 3, 3.39, 0),
(323, 65, 2, 1.84, 0),
(324, 65, 4, 2.16, 0),
(325, 65, 5, 1.86, 1),
(326, 66, 1, 3.39, 0),
(327, 66, 3, 3.39, 0),
(328, 66, 2, 2.49, 1),
(329, 66, 4, 2.05, 1),
(330, 66, 5, 2.23, 0),
(331, 67, 1, 2.55, 1),
(332, 67, 3, 2.97, 0),
(333, 67, 2, 2.04, 0),
(334, 67, 4, 1.7, 0),
(335, 67, 5, 1.59, 1),
(336, 68, 1, 2.29, 0),
(337, 68, 3, 3.39, 1),
(338, 68, 2, 2.49, 0),
(339, 68, 4, 1.86, 1),
(340, 68, 5, 1.99, 0),
(341, 69, 1, 2.75, 1),
(342, 69, 3, 3.04, 0),
(343, 69, 2, 2.13, 0),
(344, 69, 4, 1.94, 1),
(345, 69, 5, 1.55, 0),
(346, 70, 1, 3.19, 0),
(347, 70, 3, 2.46, 0),
(348, 70, 2, 2.25, 1),
(349, 70, 4, 1.72, 0),
(350, 70, 5, 1.75, 1),
(351, 71, 1, 3.01, 1),
(352, 71, 3, 2.94, 0),
(353, 71, 2, 2.42, 0),
(354, 71, 4, 1.66, 0),
(355, 71, 5, 2.23, 1),
(356, 72, 1, 3.01, 1),
(357, 72, 3, 3.16, 0),
(358, 72, 2, 2.71, 0),
(359, 72, 4, 1.99, 1),
(360, 72, 5, 1.48, 0),
(361, 73, 1, 3.01, 1),
(362, 73, 3, 4, 0),
(363, 73, 2, 1.82, 0),
(364, 73, 4, 2.12, 0),
(365, 73, 5, 1.9, 1),
(366, 74, 1, 3.56, 1),
(367, 74, 3, 2.46, 0),
(368, 74, 2, 2.66, 0),
(369, 74, 4, 2.22, 1),
(370, 74, 5, 2.16, 0),
(371, 75, 1, 3.24, 1),
(372, 75, 3, 3, 0),
(373, 75, 2, 2.97, 0),
(374, 75, 4, 1.48, 1),
(375, 75, 5, 2.01, 0),
(376, 76, 1, 3.01, 1),
(377, 76, 3, 2.88, 0),
(378, 76, 2, 2.97, 0),
(379, 76, 4, 1.94, 1),
(380, 76, 5, 2.16, 0),
(381, 77, 1, 2.58, 0),
(382, 77, 3, 3.61, 1),
(383, 77, 2, 2.8, 0),
(384, 77, 4, 2.14, 1),
(385, 77, 5, 1.68, 0),
(386, 78, 1, 2.69, 1),
(387, 78, 3, 3, 0),
(388, 78, 2, 2.16, 0),
(389, 78, 4, 1.7, 1),
(390, 78, 5, 1.81, 0),
(391, 79, 1, 3.01, 1),
(392, 79, 3, 2.68, 0),
(393, 79, 2, 2.08, 0),
(394, 79, 4, 1.86, 1),
(395, 79, 5, 1.86, 0),
(396, 80, 1, 2.63, 0),
(397, 80, 3, 2.84, 0),
(398, 80, 2, 1.87, 1),
(399, 80, 4, 1.53, 1),
(400, 80, 5, 1.83, 0),
(401, 81, 1, 3.33, 1),
(402, 81, 3, 2.56, 0),
(403, 81, 2, 2.92, 0),
(404, 81, 4, 1.81, 0),
(405, 81, 5, 1.38, 1),
(406, 82, 1, 2.72, 1),
(407, 82, 3, 3.39, 0),
(408, 82, 2, 2.64, 0),
(409, 82, 4, 1.72, 1),
(410, 82, 5, 2.2, 0),
(411, 83, 1, 2.9, 1),
(412, 83, 3, 2.52, 0),
(413, 83, 2, 2.8, 0),
(414, 83, 4, 2.31, 0),
(415, 83, 5, 1.75, 1),
(416, 84, 1, 3.42, 1),
(417, 84, 3, 2.4, 0),
(418, 84, 2, 2.08, 0),
(419, 84, 4, 1.6, 1),
(420, 84, 5, 2.09, 0),
(421, 85, 1, 2.58, 1),
(422, 85, 3, 2.75, 0),
(423, 85, 2, 1.82, 0),
(424, 85, 4, 1.68, 0),
(425, 85, 5, 2.16, 1),
(426, 86, 1, 2.37, 0),
(427, 86, 3, 3.84, 1),
(428, 86, 2, 2.54, 0),
(429, 86, 4, 1.7, 0),
(430, 86, 5, 2.09, 1),
(431, 87, 1, 2.75, 1),
(432, 87, 3, 2.81, 0),
(433, 87, 2, 1.92, 0),
(434, 87, 4, 2.03, 0),
(435, 87, 5, 1.46, 1),
(436, 88, 1, 3.48, 0),
(437, 88, 3, 2.68, 0),
(438, 88, 2, 1.92, 1),
(439, 88, 4, 2.27, 0),
(440, 88, 5, 2.31, 1),
(441, 89, 1, 2.81, 0),
(442, 89, 3, 3.9, 1),
(443, 89, 2, 2.4, 0),
(444, 89, 4, 1.46, 1),
(445, 89, 5, 2.23, 0),
(446, 90, 1, 2.81, 1),
(447, 90, 3, 3.77, 0),
(448, 90, 2, 2.8, 0),
(449, 90, 4, 2.05, 0),
(450, 90, 5, 1.79, 1),
(451, 91, 1, 3.16, 0),
(452, 91, 3, 2.91, 0),
(453, 91, 2, 2.35, 1),
(454, 91, 4, 1.75, 1),
(455, 91, 5, 1.73, 0),
(456, 92, 1, 3.16, 0),
(457, 92, 3, 2.88, 1),
(458, 92, 2, 2.47, 0),
(459, 92, 4, 1.77, 0),
(460, 92, 5, 1.7, 1),
(461, 93, 1, 2.32, 0),
(462, 93, 3, 3.32, 1),
(463, 93, 2, 2.16, 0),
(464, 93, 4, 2.2, 1),
(465, 93, 5, 1.86, 0),
(466, 94, 1, 2.32, 1),
(467, 94, 3, 3.52, 0),
(468, 94, 2, 2.08, 0),
(469, 94, 4, 2.03, 0),
(470, 94, 5, 1.96, 1),
(471, 95, 1, 3.01, 1),
(472, 95, 3, 2.94, 0),
(473, 95, 2, 2.08, 0),
(474, 95, 4, 1.59, 0),
(475, 95, 5, 2.27, 1),
(476, 96, 1, 2.92, 0),
(477, 96, 3, 3.36, 0),
(478, 96, 2, 3, 1),
(479, 96, 4, 1.51, 1),
(480, 96, 5, 2.12, 0),
(481, 97, 1, 3.42, 0),
(482, 97, 3, 4, 0),
(483, 97, 2, 2.01, 1),
(484, 97, 4, 2.31, 1),
(485, 97, 5, 1.79, 0),
(486, 98, 1, 2.34, 0),
(487, 98, 3, 2.52, 1),
(488, 98, 2, 2.4, 0),
(489, 98, 4, 2.07, 1),
(490, 98, 5, 2.09, 0),
(491, 99, 1, 3.16, 1),
(492, 99, 3, 2.84, 0),
(493, 99, 2, 1.92, 0),
(494, 99, 4, 1.49, 0),
(495, 99, 5, 1.9, 1),
(496, 100, 1, 2.17, 1),
(497, 100, 3, 2.43, 0),
(498, 100, 2, 2.01, 0),
(499, 100, 4, 1.73, 0),
(500, 100, 5, 1.48, 1),
(501, 101, 1, 3.24, 0),
(502, 101, 3, 2.4, 1),
(503, 101, 2, 2.85, 0),
(504, 101, 4, 1.94, 0),
(505, 101, 5, 1.4, 1),
(506, 102, 1, 2.52, 0),
(507, 102, 3, 3.58, 1),
(508, 102, 2, 1.8, 0),
(509, 102, 4, 1.57, 0),
(510, 102, 5, 1.55, 1),
(511, 103, 1, 2.58, 1),
(512, 103, 3, 3.87, 0),
(513, 103, 2, 1.96, 0),
(514, 103, 4, 1.55, 1),
(515, 103, 5, 1.86, 0),
(516, 104, 1, 2.61, 1),
(517, 104, 3, 2.75, 0),
(518, 104, 2, 2.73, 0),
(519, 104, 4, 2.23, 0),
(520, 104, 5, 1.83, 1),
(521, 105, 1, 2.58, 0),
(522, 105, 3, 2.68, 1),
(523, 105, 2, 1.87, 0),
(524, 105, 4, 2.31, 0),
(525, 105, 5, 1.86, 1),
(526, 106, 1, 3.24, 0),
(527, 106, 3, 3.07, 1),
(528, 106, 2, 2.97, 0),
(529, 106, 4, 2.03, 0),
(530, 106, 5, 2.05, 1),
(531, 107, 1, 2.87, 1),
(532, 107, 3, 3.52, 0),
(533, 107, 2, 2.01, 0),
(534, 107, 4, 1.83, 1),
(535, 107, 5, 1.9, 0),
(536, 108, 1, 2.37, 0),
(537, 108, 3, 3, 1),
(538, 108, 2, 2.01, 0),
(539, 108, 4, 1.66, 1),
(540, 108, 5, 2.1, 0),
(541, 109, 1, 2.4, 0),
(542, 109, 3, 3.64, 0),
(543, 109, 2, 2.61, 1),
(544, 109, 4, 2.03, 1),
(545, 109, 5, 1.79, 0),
(546, 110, 1, 2.75, 0),
(547, 110, 3, 2.97, 0),
(548, 110, 2, 1.92, 1),
(549, 110, 4, 1.83, 0),
(550, 110, 5, 1.59, 1),
(551, 111, 1, 3.01, 1),
(552, 111, 3, 2.43, 0),
(553, 111, 2, 2.47, 0),
(554, 111, 4, 1.6, 0),
(555, 111, 5, 2.03, 1),
(556, 112, 1, 2.2, 1),
(557, 112, 3, 3.2, 0),
(558, 112, 2, 2.47, 0),
(559, 112, 4, 1.85, 0),
(560, 112, 5, 2.18, 1),
(561, 113, 1, 3.59, 1),
(562, 113, 3, 3.32, 0),
(563, 113, 2, 1.99, 0),
(564, 113, 4, 1.77, 0),
(565, 113, 5, 1.92, 1),
(566, 114, 1, 3.1, 0),
(567, 114, 3, 3.26, 1),
(568, 114, 2, 1.99, 0),
(569, 114, 4, 2.12, 1),
(570, 114, 5, 2.27, 0),
(571, 115, 1, 2.92, 0),
(572, 115, 3, 3.55, 1),
(573, 115, 2, 2.35, 0),
(574, 115, 4, 2.2, 1),
(575, 115, 5, 2.03, 0),
(576, 116, 1, 3.07, 0),
(577, 116, 3, 3.45, 1),
(578, 116, 2, 2.32, 0),
(579, 116, 4, 1.72, 0),
(580, 116, 5, 1.59, 1),
(581, 117, 1, 3.27, 1),
(582, 117, 3, 2.52, 0),
(583, 117, 2, 2.18, 0),
(584, 117, 4, 1.85, 1),
(585, 117, 5, 1.46, 0),
(586, 118, 1, 2.29, 1),
(587, 118, 3, 3.1, 0),
(588, 118, 2, 2.25, 0),
(589, 118, 4, 1.62, 1),
(590, 118, 5, 1.42, 0),
(591, 119, 1, 2.37, 1),
(592, 119, 3, 2.68, 0),
(593, 119, 2, 2.2, 0),
(594, 119, 4, 2.05, 1),
(595, 119, 5, 1.83, 0),
(596, 120, 1, 2.17, 1),
(597, 120, 3, 3.77, 0),
(598, 120, 2, 2.78, 0),
(599, 120, 4, 1.72, 0),
(600, 120, 5, 1.48, 1),
(601, 121, 1, 2.84, 0),
(602, 121, 3, 2.84, 0),
(603, 121, 2, 2.16, 1),
(604, 121, 4, 2.22, 0),
(605, 121, 5, 1.79, 1),
(606, 122, 1, 2.87, 0),
(607, 122, 3, 2.94, 1),
(608, 122, 2, 2.85, 0),
(609, 122, 4, 2.18, 1),
(610, 122, 5, 2.31, 0),
(611, 123, 1, 3.3, 0),
(612, 123, 3, 2.88, 0),
(613, 123, 2, 2.42, 1),
(614, 123, 4, 2.29, 0),
(615, 123, 5, 1.44, 1),
(616, 124, 1, 3.04, 0),
(617, 124, 3, 2.75, 0),
(618, 124, 2, 2.23, 1),
(619, 124, 4, 1.62, 0),
(620, 124, 5, 2.2, 1),
(621, 125, 1, 2.2, 0),
(622, 125, 3, 3.39, 1),
(623, 125, 2, 2.71, 0),
(624, 125, 4, 1.38, 1),
(625, 125, 5, 2.09, 0),
(626, 126, 1, 2.52, 1),
(627, 126, 3, 3.96, 0),
(628, 126, 2, 2.73, 0),
(629, 126, 4, 2.01, 0),
(630, 126, 5, 2.01, 1),
(631, 127, 1, 3.3, 1),
(632, 127, 3, 2.81, 0),
(633, 127, 2, 2.25, 0),
(634, 127, 4, 1.85, 1),
(635, 127, 5, 2.14, 0),
(636, 128, 1, 3.39, 1),
(637, 128, 3, 3.23, 0),
(638, 128, 2, 2.59, 0),
(639, 128, 4, 1.79, 0),
(640, 128, 5, 1.48, 1),
(641, 129, 1, 2.87, 0),
(642, 129, 3, 3.39, 1),
(643, 129, 2, 1.84, 0),
(644, 129, 4, 2.23, 1),
(645, 129, 5, 1.79, 0),
(646, 130, 1, 2.75, 0),
(647, 130, 3, 3.96, 1),
(648, 130, 2, 2.52, 0),
(649, 130, 4, 1.7, 1),
(650, 130, 5, 1.99, 0),
(651, 131, 1, 3.13, 0),
(652, 131, 3, 3.36, 1),
(653, 131, 2, 2.8, 0),
(654, 131, 4, 2.1, 1),
(655, 131, 5, 2.29, 0),
(656, 132, 1, 3.24, 0),
(657, 132, 3, 3.96, 1),
(658, 132, 2, 2.71, 0),
(659, 132, 4, 1.4, 1),
(660, 132, 5, 2.2, 0),
(661, 133, 1, 3.62, 0),
(662, 133, 3, 3.26, 0),
(663, 133, 2, 2.32, 1),
(664, 133, 4, 1.75, 1),
(665, 133, 5, 1.66, 0),
(666, 134, 1, 2.81, 1),
(667, 134, 3, 3.71, 0),
(668, 134, 2, 2.71, 0),
(669, 134, 4, 2.2, 0),
(670, 134, 5, 2.1, 1),
(671, 135, 1, 2.17, 0),
(672, 135, 3, 3.58, 1),
(673, 135, 2, 2.25, 0),
(674, 135, 4, 2.01, 1),
(675, 135, 5, 1.53, 0),
(676, 136, 1, 3.33, 0),
(677, 136, 3, 3.9, 1),
(678, 136, 2, 1.84, 0),
(679, 136, 4, 1.96, 1),
(680, 136, 5, 1.6, 0),
(681, 137, 1, 2.43, 0),
(682, 137, 3, 3.2, 1),
(683, 137, 2, 2.83, 0),
(684, 137, 4, 2.01, 1),
(685, 137, 5, 1.99, 0),
(686, 138, 1, 3.5, 1),
(687, 138, 3, 2.56, 0),
(688, 138, 2, 2.04, 0),
(689, 138, 4, 1.7, 0),
(690, 138, 5, 1.79, 1),
(691, 139, 1, 2.63, 1),
(692, 139, 3, 2.97, 0),
(693, 139, 2, 2.37, 0),
(694, 139, 4, 2.1, 1),
(695, 139, 5, 2.03, 0),
(696, 140, 1, 3.48, 0),
(697, 140, 3, 3.45, 0),
(698, 140, 2, 1.82, 1),
(699, 140, 4, 1.97, 1),
(700, 140, 5, 2.12, 0),
(701, 141, 1, 2.34, -1),
(702, 141, 3, 3, -1),
(703, 141, 2, 2.2, -1),
(704, 141, 4, 2.25, -1),
(705, 141, 5, 1.48, -1),
(706, 142, 1, 2.34, -1),
(707, 142, 3, 3.2, -1),
(708, 142, 2, 1.96, -1),
(709, 142, 4, 2.25, -1),
(710, 142, 5, 1.48, -1),
(711, 143, 1, 3.3, -1),
(712, 143, 3, 3.55, -1),
(713, 143, 2, 2.73, -1),
(714, 143, 4, 2.25, -1),
(715, 143, 5, 2.03, -1),
(716, 144, 1, 3.56, -1),
(717, 144, 3, 2.75, -1),
(718, 144, 2, 2.01, -1),
(719, 144, 4, 1.96, -1),
(720, 144, 5, 2.23, -1),
(721, 145, 1, 2.37, -1),
(722, 145, 3, 2.62, -1),
(723, 145, 2, 2.56, -1),
(724, 145, 4, 2.03, -1),
(725, 145, 5, 1.86, -1),
(726, 146, 1, 2.84, -1),
(727, 146, 3, 2.49, -1),
(728, 146, 2, 2.25, -1),
(729, 146, 4, 2.03, -1),
(730, 146, 5, 1.62, -1),
(731, 147, 1, 3.42, -1),
(732, 147, 3, 3.64, -1),
(733, 147, 2, 2.23, -1),
(734, 147, 4, 1.57, -1),
(735, 147, 5, 1.75, -1),
(736, 148, 1, 3.16, -1),
(737, 148, 3, 3.58, -1),
(738, 148, 2, 2.95, -1),
(739, 148, 4, 2.23, -1),
(740, 148, 5, 1.7, -1),
(741, 149, 1, 2.34, -1),
(742, 149, 3, 3.2, -1),
(743, 149, 2, 2.9, -1),
(744, 149, 4, 2.22, -1),
(745, 149, 5, 2.12, -1),
(746, 150, 1, 2.58, -1),
(747, 150, 3, 2.4, -1),
(748, 150, 2, 1.84, -1),
(749, 150, 4, 1.53, -1),
(750, 150, 5, 2.25, -1),
(751, 151, 1, 2.95, -1),
(752, 151, 3, 3.48, -1),
(753, 151, 2, 2.13, -1),
(754, 151, 4, 1.55, -1),
(755, 151, 5, 1.94, -1),
(756, 152, 1, 3.04, -1),
(757, 152, 3, 3.29, -1),
(758, 152, 2, 2.61, -1),
(759, 152, 4, 2.18, -1),
(760, 152, 5, 1.55, -1),
(761, 153, 1, 3.33, -1),
(762, 153, 3, 2.72, -1),
(763, 153, 2, 2.88, -1),
(764, 153, 4, 1.97, -1),
(765, 153, 5, 2.18, -1),
(766, 154, 1, 2.87, -1),
(767, 154, 3, 3.8, -1),
(768, 154, 2, 2.25, -1),
(769, 154, 4, 1.9, -1),
(770, 154, 5, 2.25, -1),
(771, 155, 1, 2.75, -1),
(772, 155, 3, 3.48, -1),
(773, 155, 2, 2.78, -1),
(774, 155, 4, 2.23, -1),
(775, 155, 5, 1.46, -1),
(776, 156, 1, 3.5, -1),
(777, 156, 3, 2.62, -1),
(778, 156, 2, 2.59, -1),
(779, 156, 4, 1.55, -1),
(780, 156, 5, 2.29, -1),
(781, 157, 1, 2.72, -1),
(782, 157, 3, 3.8, -1),
(783, 157, 2, 2.61, -1),
(784, 157, 4, 2.12, -1),
(785, 157, 5, 1.57, -1),
(786, 158, 1, 2.4, -1),
(787, 158, 3, 2.81, -1),
(788, 158, 2, 2.08, -1),
(789, 158, 4, 1.88, -1),
(790, 158, 5, 1.59, -1),
(791, 159, 1, 2.87, -1),
(792, 159, 3, 2.4, -1),
(793, 159, 2, 1.84, -1),
(794, 159, 4, 1.51, -1),
(795, 159, 5, 2.29, -1),
(796, 160, 1, 2.81, -1),
(797, 160, 3, 3.45, -1),
(798, 160, 2, 1.89, -1),
(799, 160, 4, 1.55, -1),
(800, 160, 5, 1.66, -1),
(801, 161, 1, 3.1, -2),
(802, 161, 3, 3.74, -2),
(803, 161, 2, 2.42, -2),
(804, 161, 4, 1.99, -2),
(805, 161, 5, 2.12, -2),
(806, 162, 1, 2.52, -2),
(807, 162, 3, 3.84, -2),
(808, 162, 2, 2.8, -2),
(809, 162, 4, 2.2, -2),
(810, 162, 5, 1.96, -2),
(811, 163, 1, 3.19, -2),
(812, 163, 3, 3.96, -2),
(813, 163, 2, 1.84, -2),
(814, 163, 4, 1.85, -2),
(815, 163, 5, 1.81, -2),
(816, 164, 1, 3.53, -2),
(817, 164, 3, 3.16, -2),
(818, 164, 2, 1.96, -2),
(819, 164, 4, 1.42, -2),
(820, 164, 5, 1.88, -2),
(821, 165, 1, 3.59, -2),
(822, 165, 3, 3.87, -2),
(823, 165, 2, 1.87, -2),
(824, 165, 4, 1.55, -2),
(825, 165, 5, 2.12, -2),
(826, 166, 1, 3.16, -2),
(827, 166, 3, 3.77, -2),
(828, 166, 2, 2.06, -2),
(829, 166, 4, 1.94, -2),
(830, 166, 5, 2.22, -2),
(831, 167, 1, 2.81, -2),
(832, 167, 3, 3.8, -2),
(833, 167, 2, 2.95, -2),
(834, 167, 4, 1.79, -2),
(835, 167, 5, 1.7, -2),
(836, 168, 1, 3.56, -2),
(837, 168, 3, 3.71, -2),
(838, 168, 2, 2.59, -2),
(839, 168, 4, 1.73, -2),
(840, 168, 5, 2.03, -2),
(841, 169, 1, 2.52, -2),
(842, 169, 3, 3.9, -2),
(843, 169, 2, 2.01, -2),
(844, 169, 4, 1.68, -2),
(845, 169, 5, 2.05, -2),
(846, 170, 1, 2.17, -2),
(847, 170, 3, 3.2, -2),
(848, 170, 2, 1.89, -2),
(849, 170, 4, 1.86, -2),
(850, 170, 5, 1.66, -2),
(851, 171, 1, 3.45, -2),
(852, 171, 3, 3.71, -2),
(853, 171, 2, 2.95, -2),
(854, 171, 4, 2.09, -2),
(855, 171, 5, 2.12, -2),
(856, 172, 1, 3.48, -2),
(857, 172, 3, 2.65, -2),
(858, 172, 2, 2.18, -2),
(859, 172, 4, 2.09, -2),
(860, 172, 5, 2.27, -2),
(861, 173, 1, 2.49, -2),
(862, 173, 3, 2.52, -2),
(863, 173, 2, 2.78, -2),
(864, 173, 4, 2.1, -2),
(865, 173, 5, 1.85, -2),
(866, 174, 1, 2.75, -2),
(867, 174, 3, 3.96, -2),
(868, 174, 2, 1.8, -2),
(869, 174, 4, 1.38, -2),
(870, 174, 5, 1.72, -2),
(871, 175, 1, 3.01, -2),
(872, 175, 3, 3.13, -2),
(873, 175, 2, 2.32, -2),
(874, 175, 4, 1.68, -2),
(875, 175, 5, 1.7, -2),
(876, 176, 1, 2.49, -2),
(877, 176, 3, 3.58, -2),
(878, 176, 2, 2.54, -2),
(879, 176, 4, 2.07, -2),
(880, 176, 5, 2.2, -2),
(881, 177, 1, 2.55, -2),
(882, 177, 3, 2.52, -2),
(883, 177, 2, 2.35, -2),
(884, 177, 4, 1.86, -2),
(885, 177, 5, 2.27, -2),
(886, 178, 1, 2.61, -2),
(887, 178, 3, 2.62, -2),
(888, 178, 2, 2.83, -2),
(889, 178, 4, 1.4, -2),
(890, 178, 5, 1.4, -2),
(891, 179, 1, 3.48, -2),
(892, 179, 3, 2.78, -2),
(893, 179, 2, 2.95, -2),
(894, 179, 4, 2.25, -2),
(895, 179, 5, 1.59, -2),
(896, 180, 1, 3.07, -2),
(897, 180, 3, 2.75, -2),
(898, 180, 2, 2.71, -2),
(899, 180, 4, 2.25, -2),
(900, 180, 5, 1.99, -2),
(901, 181, 1, 3.56, -2),
(902, 181, 3, 2.4, -2),
(903, 181, 2, 2.01, -2),
(904, 181, 4, 1.88, -2),
(905, 181, 5, 1.64, -2),
(906, 182, 1, 3.27, -2),
(907, 182, 3, 3.64, -2),
(908, 182, 2, 2.88, -2),
(909, 182, 4, 1.96, -2),
(910, 182, 5, 1.6, -2),
(911, 183, 1, 3.16, -2),
(912, 183, 3, 2.91, -2),
(913, 183, 2, 2.73, -2),
(914, 183, 4, 1.73, -2),
(915, 183, 5, 1.73, -2),
(916, 184, 1, 2.61, -2),
(917, 184, 3, 4, -2),
(918, 184, 2, 1.99, -2),
(919, 184, 4, 2.29, -2),
(920, 184, 5, 2.16, -2),
(921, 185, 1, 3.1, -2),
(922, 185, 3, 2.59, -2),
(923, 185, 2, 2.73, -2),
(924, 185, 4, 1.75, -2),
(925, 185, 5, 1.38, -2),
(926, 186, 1, 2.84, -2),
(927, 186, 3, 3.45, -2),
(928, 186, 2, 2.49, -2),
(929, 186, 4, 1.83, -2),
(930, 186, 5, 1.73, -2),
(931, 187, 1, 2.84, -2),
(932, 187, 3, 3.2, -2),
(933, 187, 2, 2.11, -2),
(934, 187, 4, 1.88, -2),
(935, 187, 5, 2.29, -2),
(936, 188, 1, 2.32, -2),
(937, 188, 3, 3.58, -2),
(938, 188, 2, 1.96, -2),
(939, 188, 4, 1.46, -2),
(940, 188, 5, 1.77, -2),
(941, 189, 1, 2.75, -2),
(942, 189, 3, 3.93, -2),
(943, 189, 2, 1.82, -2),
(944, 189, 4, 2.05, -2),
(945, 189, 5, 2.22, -2),
(946, 190, 1, 3.07, -2),
(947, 190, 3, 3.32, -2),
(948, 190, 2, 1.84, -2),
(949, 190, 4, 1.81, -2),
(950, 190, 5, 2.18, -2),
(951, 191, 1, 2.32, -2),
(952, 191, 3, 3.61, -2),
(953, 191, 2, 2.76, -2),
(954, 191, 4, 1.77, -2),
(955, 191, 5, 1.57, -2),
(956, 192, 1, 2.69, -2),
(957, 192, 3, 2.68, -2),
(958, 192, 2, 2.92, -2),
(959, 192, 4, 1.42, -2),
(960, 192, 5, 1.44, -2),
(961, 193, 1, 3.13, -2),
(962, 193, 3, 3.8, -2),
(963, 193, 2, 2.11, -2),
(964, 193, 4, 1.92, -2),
(965, 193, 5, 1.7, -2),
(966, 194, 1, 2.49, -2),
(967, 194, 3, 3.96, -2),
(968, 194, 2, 2.42, -2),
(969, 194, 4, 1.97, -2),
(970, 194, 5, 2.14, -2),
(971, 195, 1, 3.3, -2),
(972, 195, 3, 3.58, -2),
(973, 195, 2, 2.01, -2),
(974, 195, 4, 1.7, -2),
(975, 195, 5, 1.59, -2),
(976, 196, 1, 2.52, -2),
(977, 196, 3, 3.16, -2),
(978, 196, 2, 1.84, -2),
(979, 196, 4, 1.59, -2),
(980, 196, 5, 2.16, -2),
(981, 197, 1, 3.3, -2),
(982, 197, 3, 3.61, -2),
(983, 197, 2, 2.59, -2),
(984, 197, 4, 1.53, -2),
(985, 197, 5, 2.14, -2),
(986, 198, 1, 2.66, -2),
(987, 198, 3, 2.65, -2),
(988, 198, 2, 1.82, -2),
(989, 198, 4, 2.14, -2),
(990, 198, 5, 1.83, -2),
(991, 199, 1, 3.45, -2),
(992, 199, 3, 3.42, -2),
(993, 199, 2, 2.3, -2),
(994, 199, 4, 2.03, -2),
(995, 199, 5, 1.66, -2),
(996, 200, 1, 3.27, -2),
(997, 200, 3, 3.58, -2),
(998, 200, 2, 3, -2),
(999, 200, 4, 1.62, -2),
(1000, 200, 5, 2.22, -2),
(1001, 201, 1, 2.61, -2),
(1002, 201, 3, 2.46, -2),
(1003, 201, 2, 3, -2),
(1004, 201, 4, 1.51, -2),
(1005, 201, 5, 1.77, -2),
(1006, 202, 1, 2.81, -2),
(1007, 202, 3, 3.84, -2),
(1008, 202, 2, 2.06, -2),
(1009, 202, 4, 2.09, -2),
(1010, 202, 5, 1.51, -2),
(1011, 203, 1, 3.04, -2),
(1012, 203, 3, 2.72, -2),
(1013, 203, 2, 2.25, -2),
(1014, 203, 4, 1.38, -2),
(1015, 203, 5, 1.9, -2),
(1016, 204, 1, 3.33, -2),
(1017, 204, 3, 2.62, -2),
(1018, 204, 2, 2.44, -2),
(1019, 204, 4, 1.55, -2),
(1020, 204, 5, 2.14, -2),
(1021, 205, 1, 2.61, -2),
(1022, 205, 3, 2.52, -2),
(1023, 205, 2, 2.13, -2),
(1024, 205, 4, 1.55, -2),
(1025, 205, 5, 1.49, -2),
(1026, 206, 1, 2.49, -2),
(1027, 206, 3, 3.36, -2),
(1028, 206, 2, 1.87, -2),
(1029, 206, 4, 1.73, -2),
(1030, 206, 5, 1.85, -2),
(1031, 207, 1, 3.42, -2),
(1032, 207, 3, 2.46, -2),
(1033, 207, 2, 2.4, -2),
(1034, 207, 4, 2.14, -2),
(1035, 207, 5, 1.59, -2),
(1036, 208, 1, 2.92, -2),
(1037, 208, 3, 2.49, -2),
(1038, 208, 2, 2.35, -2),
(1039, 208, 4, 1.4, -2),
(1040, 208, 5, 1.64, -2),
(1041, 209, 1, 3.62, -2),
(1042, 209, 3, 3, -2),
(1043, 209, 2, 1.8, -2),
(1044, 209, 4, 1.68, -2),
(1045, 209, 5, 2.2, -2),
(1046, 210, 1, 2.49, -2),
(1047, 210, 3, 3.87, -2),
(1048, 210, 2, 2.78, -2),
(1049, 210, 4, 1.42, -2),
(1050, 210, 5, 1.85, -2),
(1051, 211, 1, 2.2, -2),
(1052, 211, 3, 3.45, -2),
(1053, 211, 2, 1.87, -2),
(1054, 211, 4, 2.31, -2),
(1055, 211, 5, 1.66, -2),
(1056, 212, 1, 2.87, -2),
(1057, 212, 3, 2.4, -2),
(1058, 212, 2, 1.92, -2),
(1059, 212, 4, 2.2, -2),
(1060, 212, 5, 1.94, -2),
(1061, 213, 1, 2.2, -2),
(1062, 213, 3, 3.36, -2),
(1063, 213, 2, 2.47, -2),
(1064, 213, 4, 1.85, -2),
(1065, 213, 5, 1.77, -2),
(1066, 214, 1, 2.92, -2),
(1067, 214, 3, 2.56, -2),
(1068, 214, 2, 1.89, -2),
(1069, 214, 4, 1.53, -2),
(1070, 214, 5, 1.6, -2),
(1071, 215, 1, 3.27, -2),
(1072, 215, 3, 3.36, -2),
(1073, 215, 2, 2.23, -2),
(1074, 215, 4, 2.2, -2),
(1075, 215, 5, 2.01, -2),
(1076, 216, 1, 3.42, -2),
(1077, 216, 3, 3.93, -2),
(1078, 216, 2, 2.8, -2),
(1079, 216, 4, 1.6, -2),
(1080, 216, 5, 1.46, -2),
(1081, 217, 1, 2.49, -2),
(1082, 217, 3, 2.78, -2),
(1083, 217, 2, 3, -2),
(1084, 217, 4, 1.48, -2),
(1085, 217, 5, 1.94, -2),
(1086, 218, 1, 3.33, -2),
(1087, 218, 3, 3.26, -2),
(1088, 218, 2, 2.76, -2),
(1089, 218, 4, 2.07, -2),
(1090, 218, 5, 2.25, -2),
(1091, 219, 1, 2.87, -2),
(1092, 219, 3, 3.23, -2),
(1093, 219, 2, 1.8, -2),
(1094, 219, 4, 1.96, -2),
(1095, 219, 5, 1.42, -2),
(1096, 220, 1, 3.45, -2),
(1097, 220, 3, 3.58, -2),
(1098, 220, 2, 2.92, -2),
(1099, 220, 4, 1.6, -2),
(1100, 220, 5, 1.73, -2),
(1101, 221, 1, 2.9, -2),
(1102, 221, 3, 2.65, -2),
(1103, 221, 2, 1.82, -2),
(1104, 221, 4, 1.73, -2),
(1105, 221, 5, 1.68, -2),
(1106, 222, 1, 3.36, -2),
(1107, 222, 3, 3.96, -2),
(1108, 222, 2, 2.8, -2),
(1109, 222, 4, 1.79, -2),
(1110, 222, 5, 2.12, -2),
(1111, 223, 1, 2.55, -2),
(1112, 223, 3, 3.39, -2),
(1113, 223, 2, 2.88, -2),
(1114, 223, 4, 2.05, -2),
(1115, 223, 5, 1.83, -2),
(1116, 224, 1, 3.24, -2),
(1117, 224, 3, 3.45, -2),
(1118, 224, 2, 2.85, -2),
(1119, 224, 4, 1.48, -2),
(1120, 224, 5, 1.4, -2),
(1121, 225, 1, 2.81, -2),
(1122, 225, 3, 3.39, -2),
(1123, 225, 2, 1.87, -2),
(1124, 225, 4, 1.64, -2),
(1125, 225, 5, 1.79, -2),
(1126, 226, 1, 2.69, -2),
(1127, 226, 3, 3.77, -2),
(1128, 226, 2, 2.52, -2),
(1129, 226, 4, 1.99, -2),
(1130, 226, 5, 1.51, -2),
(1131, 227, 1, 2.63, -2),
(1132, 227, 3, 3.36, -2),
(1133, 227, 2, 2.61, -2),
(1134, 227, 4, 1.92, -2),
(1135, 227, 5, 2.16, -2),
(1136, 228, 1, 2.46, -2),
(1137, 228, 3, 3.55, -2),
(1138, 228, 2, 2.16, -2),
(1139, 228, 4, 1.48, -2),
(1140, 228, 5, 2.05, -2),
(1141, 229, 1, 3.3, -2),
(1142, 229, 3, 3.96, -2),
(1143, 229, 2, 2.16, -2),
(1144, 229, 4, 1.83, -2),
(1145, 229, 5, 1.72, -2),
(1146, 230, 1, 3.27, -2),
(1147, 230, 3, 3.77, -2),
(1148, 230, 2, 2.95, -2),
(1149, 230, 4, 1.86, -2),
(1150, 230, 5, 1.85, -2),
(1151, 231, 1, 2.34, -2),
(1152, 231, 3, 3.52, -2),
(1153, 231, 2, 2.88, -2),
(1154, 231, 4, 2.31, -2),
(1155, 231, 5, 1.46, -2),
(1156, 232, 1, 2.92, -2),
(1157, 232, 3, 3.96, -2),
(1158, 232, 2, 2.71, -2),
(1159, 232, 4, 1.48, -2),
(1160, 232, 5, 2.03, -2),
(1161, 233, 1, 3.42, -2),
(1162, 233, 3, 3.48, -2),
(1163, 233, 2, 2.9, -2),
(1164, 233, 4, 1.97, -2),
(1165, 233, 5, 1.49, -2),
(1166, 234, 1, 3.48, -2),
(1167, 234, 3, 3.04, -2),
(1168, 234, 2, 2.44, -2),
(1169, 234, 4, 1.7, -2),
(1170, 234, 5, 1.7, -2),
(1171, 235, 1, 2.37, -2),
(1172, 235, 3, 3.45, -2),
(1173, 235, 2, 2.8, -2),
(1174, 235, 4, 2.29, -2),
(1175, 235, 5, 1.38, -2),
(1176, 236, 1, 2.95, -2),
(1177, 236, 3, 2.62, -2),
(1178, 236, 2, 2.76, -2),
(1179, 236, 4, 1.48, -2),
(1180, 236, 5, 1.92, -2),
(1181, 237, 1, 3.62, -2),
(1182, 237, 3, 2.4, -2),
(1183, 237, 2, 2.47, -2),
(1184, 237, 4, 1.7, -2),
(1185, 237, 5, 1.7, -2),
(1186, 238, 1, 3.01, -2),
(1187, 238, 3, 2.59, -2),
(1188, 238, 2, 2.06, -2),
(1189, 238, 4, 1.51, -2),
(1190, 238, 5, 1.73, -2),
(1191, 239, 1, 2.78, -2),
(1192, 239, 3, 3.71, -2),
(1193, 239, 2, 2.66, -2),
(1194, 239, 4, 2.09, -2),
(1195, 239, 5, 1.44, -2),
(1196, 240, 1, 3.5, -2),
(1197, 240, 3, 2.65, -2),
(1198, 240, 2, 2.47, -2),
(1199, 240, 4, 2.18, -2),
(1200, 240, 5, 2.05, -2),
(1201, 241, 1, 3.53, -2),
(1202, 241, 3, 3.61, -2),
(1203, 241, 2, 1.92, -2),
(1204, 241, 4, 1.53, -2),
(1205, 241, 5, 2.23, -2),
(1206, 242, 1, 2.92, -2),
(1207, 242, 3, 3.74, -2),
(1208, 242, 2, 2.52, -2),
(1209, 242, 4, 2.1, -2),
(1210, 242, 5, 2.09, -2),
(1211, 243, 1, 2.95, -2),
(1212, 243, 3, 3.52, -2),
(1213, 243, 2, 2.56, -2),
(1214, 243, 4, 1.62, -2),
(1215, 243, 5, 2.05, -2),
(1216, 244, 1, 2.66, -2),
(1217, 244, 3, 3.52, -2),
(1218, 244, 2, 1.89, -2),
(1219, 244, 4, 1.42, -2),
(1220, 244, 5, 1.94, -2),
(1221, 245, 1, 3.1, -2),
(1222, 245, 3, 3.07, -2),
(1223, 245, 2, 1.82, -2),
(1224, 245, 4, 1.73, -2),
(1225, 245, 5, 2.05, -2),
(1226, 246, 1, 3.56, -2),
(1227, 246, 3, 3.55, -2),
(1228, 246, 2, 1.89, -2),
(1229, 246, 4, 2.16, -2),
(1230, 246, 5, 2.18, -2),
(1231, 247, 1, 2.78, -2),
(1232, 247, 3, 3.26, -2),
(1233, 247, 2, 2.04, -2),
(1234, 247, 4, 1.86, -2),
(1235, 247, 5, 1.77, -2),
(1236, 248, 1, 3.53, -2),
(1237, 248, 3, 3.77, -2),
(1238, 248, 2, 2.95, -2),
(1239, 248, 4, 1.92, -2),
(1240, 248, 5, 1.96, -2),
(1241, 249, 1, 3.59, -2),
(1242, 249, 3, 3.55, -2),
(1243, 249, 2, 2.35, -2),
(1244, 249, 4, 2.12, -2),
(1245, 249, 5, 1.86, -2),
(1246, 250, 1, 2.4, -2),
(1247, 250, 3, 3.8, -2),
(1248, 250, 2, 2.56, -2),
(1249, 250, 4, 2.03, -2),
(1250, 250, 5, 1.7, -2),
(1251, 251, 1, 2.26, -2),
(1252, 251, 3, 3.45, -2),
(1253, 251, 2, 2.78, -2),
(1254, 251, 4, 1.7, -2),
(1255, 251, 5, 1.51, -2),
(1256, 252, 1, 2.95, -2),
(1257, 252, 3, 3.29, -2),
(1258, 252, 2, 2.06, -2),
(1259, 252, 4, 2.03, -2),
(1260, 252, 5, 1.81, -2),
(1261, 253, 1, 3.56, -2),
(1262, 253, 3, 2.72, -2),
(1263, 253, 2, 2.52, -2),
(1264, 253, 4, 1.7, -2),
(1265, 253, 5, 1.53, -2),
(1266, 254, 1, 3.1, -2),
(1267, 254, 3, 3.45, -2),
(1268, 254, 2, 2.06, -2),
(1269, 254, 4, 1.66, -2),
(1270, 254, 5, 1.59, -2),
(1271, 255, 1, 2.78, -2),
(1272, 255, 3, 3.84, -2),
(1273, 255, 2, 2.01, -2),
(1274, 255, 4, 1.75, -2),
(1275, 255, 5, 1.38, -2),
(1276, 256, 1, 3.16, -2),
(1277, 256, 3, 3.42, -2),
(1278, 256, 2, 2.76, -2),
(1279, 256, 4, 1.6, -2),
(1280, 256, 5, 1.38, -2),
(1281, 257, 1, 2.87, -2),
(1282, 257, 3, 2.68, -2),
(1283, 257, 2, 2.42, -2),
(1284, 257, 4, 2.03, -2),
(1285, 257, 5, 2.07, -2),
(1286, 258, 1, 2.78, -2),
(1287, 258, 3, 3.13, -2),
(1288, 258, 2, 1.82, -2),
(1289, 258, 4, 2.31, -2),
(1290, 258, 5, 2.01, -2),
(1291, 259, 1, 2.52, -2),
(1292, 259, 3, 3.8, -2),
(1293, 259, 2, 2.64, -2),
(1294, 259, 4, 1.38, -2),
(1295, 259, 5, 2.09, -2),
(1296, 260, 1, 2.46, -2),
(1297, 260, 3, 3.32, -2),
(1298, 260, 2, 2.23, -2),
(1299, 260, 4, 1.48, -2),
(1300, 260, 5, 2.1, -2),
(1301, 261, 1, 3.48, -2),
(1302, 261, 3, 3.84, -2),
(1303, 261, 2, 2.92, -2),
(1304, 261, 4, 1.79, -2),
(1305, 261, 5, 2.18, -2),
(1306, 262, 1, 2.63, -2),
(1307, 262, 3, 2.75, -2),
(1308, 262, 2, 2.73, -2),
(1309, 262, 4, 1.99, -2),
(1310, 262, 5, 1.62, -2),
(1311, 263, 1, 2.58, -2),
(1312, 263, 3, 3.84, -2),
(1313, 263, 2, 1.82, -2),
(1314, 263, 4, 1.81, -2),
(1315, 263, 5, 1.42, -2),
(1316, 264, 1, 2.32, -2),
(1317, 264, 3, 2.4, -2),
(1318, 264, 2, 1.96, -2),
(1319, 264, 4, 1.64, -2),
(1320, 264, 5, 1.4, -2),
(1321, 265, 1, 3.21, -2),
(1322, 265, 3, 3.87, -2),
(1323, 265, 2, 2.35, -2),
(1324, 265, 4, 1.55, -2),
(1325, 265, 5, 1.88, -2),
(1326, 266, 1, 2.61, -2),
(1327, 266, 3, 2.84, -2),
(1328, 266, 2, 2.47, -2),
(1329, 266, 4, 1.44, -2),
(1330, 266, 5, 2.12, -2),
(1331, 267, 1, 2.4, -2),
(1332, 267, 3, 2.91, -2),
(1333, 267, 2, 1.84, -2),
(1334, 267, 4, 2.31, -2),
(1335, 267, 5, 1.55, -2),
(1336, 268, 1, 2.92, -2),
(1337, 268, 3, 2.62, -2),
(1338, 268, 2, 2.95, -2),
(1339, 268, 4, 2.12, -2),
(1340, 268, 5, 2.31, -2),
(1341, 269, 1, 3.62, -2),
(1342, 269, 3, 4, -2),
(1343, 269, 2, 2.78, -2),
(1344, 269, 4, 2.05, -2),
(1345, 269, 5, 1.81, -2),
(1346, 270, 1, 3.53, -2),
(1347, 270, 3, 2.81, -2),
(1348, 270, 2, 1.82, -2),
(1349, 270, 4, 1.6, -2),
(1350, 270, 5, 2.05, -2),
(1351, 271, 1, 2.61, -2),
(1352, 271, 3, 3.07, -2),
(1353, 271, 2, 2.66, -2),
(1354, 271, 4, 1.44, -2),
(1355, 271, 5, 1.64, -2),
(1356, 272, 1, 3.04, -2),
(1357, 272, 3, 3.96, -2),
(1358, 272, 2, 2.18, -2),
(1359, 272, 4, 1.49, -2),
(1360, 272, 5, 1.66, -2),
(1361, 273, 1, 3.53, -2),
(1362, 273, 3, 3.23, -2),
(1363, 273, 2, 2.25, -2),
(1364, 273, 4, 2.05, -2),
(1365, 273, 5, 1.44, -2),
(1366, 274, 1, 2.81, -2),
(1367, 274, 3, 2.56, -2),
(1368, 274, 2, 2.16, -2),
(1369, 274, 4, 1.4, -2),
(1370, 274, 5, 1.72, -2),
(1371, 275, 1, 3.53, -2),
(1372, 275, 3, 2.52, -2),
(1373, 275, 2, 2.2, -2),
(1374, 275, 4, 1.85, -2),
(1375, 275, 5, 2.2, -2),
(1376, 276, 1, 2.52, -2),
(1377, 276, 3, 3.58, -2),
(1378, 276, 2, 2.61, -2),
(1379, 276, 4, 1.62, -2),
(1380, 276, 5, 1.7, -2),
(1381, 277, 1, 2.69, -2),
(1382, 277, 3, 3.36, -2),
(1383, 277, 2, 2.97, -2),
(1384, 277, 4, 1.83, -2),
(1385, 277, 5, 1.55, -2),
(1386, 278, 1, 2.23, -2),
(1387, 278, 3, 3.58, -2),
(1388, 278, 2, 2.49, -2),
(1389, 278, 4, 1.66, -2),
(1390, 278, 5, 1.46, -2),
(1391, 279, 1, 3.48, -2),
(1392, 279, 3, 2.91, -2),
(1393, 279, 2, 2.61, -2),
(1394, 279, 4, 1.97, -2),
(1395, 279, 5, 1.7, -2),
(1396, 280, 1, 2.37, -2),
(1397, 280, 3, 2.52, -2),
(1398, 280, 2, 2.11, -2),
(1399, 280, 4, 1.73, -2),
(1400, 280, 5, 2.29, -2),
(1401, 281, 1, 3.39, -2),
(1402, 281, 3, 3.9, -2),
(1403, 281, 2, 1.89, -2),
(1404, 281, 4, 1.49, -2),
(1405, 281, 5, 1.66, -2),
(1406, 282, 1, 2.75, -2),
(1407, 282, 3, 3.39, -2),
(1408, 282, 2, 2.8, -2),
(1409, 282, 4, 1.55, -2),
(1410, 282, 5, 2.27, -2),
(1411, 283, 1, 3.01, -2),
(1412, 283, 3, 3.07, -2),
(1413, 283, 2, 2.08, -2),
(1414, 283, 4, 2.05, -2),
(1415, 283, 5, 1.68, -2),
(1416, 284, 1, 3.24, -2),
(1417, 284, 3, 3.48, -2),
(1418, 284, 2, 2.76, -2),
(1419, 284, 4, 1.49, -2),
(1420, 284, 5, 2.31, -2),
(1421, 285, 1, 2.46, -2),
(1422, 285, 3, 2.88, -2),
(1423, 285, 2, 1.87, -2),
(1424, 285, 4, 1.57, -2),
(1425, 285, 5, 2.09, -2),
(1426, 286, 1, 2.55, -2),
(1427, 286, 3, 2.84, -2),
(1428, 286, 2, 2.16, -2),
(1429, 286, 4, 1.97, -2),
(1430, 286, 5, 1.86, -2),
(1431, 287, 1, 2.75, -2),
(1432, 287, 3, 2.62, -2),
(1433, 287, 2, 2.76, -2),
(1434, 287, 4, 2.29, -2),
(1435, 287, 5, 2.31, -2),
(1436, 288, 1, 3.01, -2),
(1437, 288, 3, 2.52, -2),
(1438, 288, 2, 2.52, -2),
(1439, 288, 4, 1.99, -2),
(1440, 288, 5, 2.14, -2),
(1441, 289, 1, 2.69, -2),
(1442, 289, 3, 3.1, -2),
(1443, 289, 2, 2.44, -2),
(1444, 289, 4, 2.22, -2),
(1445, 289, 5, 2.25, -2),
(1446, 290, 1, 2.81, -2),
(1447, 290, 3, 2.88, -2),
(1448, 290, 2, 2.06, -2),
(1449, 290, 4, 1.83, -2),
(1450, 290, 5, 2.05, -2),
(1451, 291, 1, 2.52, -2),
(1452, 291, 3, 3.32, -2),
(1453, 291, 2, 2.13, -2),
(1454, 291, 4, 2.16, -2),
(1455, 291, 5, 2.09, -2),
(1456, 292, 1, 3.1, -2),
(1457, 292, 3, 2.97, -2),
(1458, 292, 2, 2.04, -2),
(1459, 292, 4, 2.25, -2),
(1460, 292, 5, 1.6, -2),
(1461, 293, 1, 2.43, -2),
(1462, 293, 3, 2.46, -2),
(1463, 293, 2, 2.11, -2),
(1464, 293, 4, 1.81, -2),
(1465, 293, 5, 1.73, -2),
(1466, 294, 1, 3.01, -2),
(1467, 294, 3, 3.48, -2),
(1468, 294, 2, 1.99, -2),
(1469, 294, 4, 1.88, -2),
(1470, 294, 5, 1.79, -2),
(1471, 295, 1, 2.78, -2),
(1472, 295, 3, 2.91, -2),
(1473, 295, 2, 2.8, -2),
(1474, 295, 4, 2.16, -2),
(1475, 295, 5, 1.99, -2),
(1476, 296, 1, 2.55, -2),
(1477, 296, 3, 3.23, -2),
(1478, 296, 2, 3, -2),
(1479, 296, 4, 1.57, -2),
(1480, 296, 5, 1.86, -2),
(1481, 297, 1, 2.92, -2),
(1482, 297, 3, 3.29, -2),
(1483, 297, 2, 2.85, -2),
(1484, 297, 4, 1.7, -2),
(1485, 297, 5, 1.81, -2),
(1486, 298, 1, 2.9, -2),
(1487, 298, 3, 3.64, -2),
(1488, 298, 2, 2.23, -2),
(1489, 298, 4, 1.73, -2),
(1490, 298, 5, 1.57, -2),
(1491, 299, 1, 2.84, -2),
(1492, 299, 3, 2.78, -2),
(1493, 299, 2, 2.52, -2),
(1494, 299, 4, 1.73, -2),
(1495, 299, 5, 1.55, -2),
(1496, 300, 1, 2.29, -2),
(1497, 300, 3, 3.45, -2),
(1498, 300, 2, 2.25, -2),
(1499, 300, 4, 2.31, -2),
(1500, 300, 5, 1.92, -2),
(1501, 301, 1, 2.23, -2),
(1502, 301, 3, 3.71, -2),
(1503, 301, 2, 2.64, -2),
(1504, 301, 4, 2.12, -2),
(1505, 301, 5, 1.97, -2),
(1506, 302, 1, 2.95, -2),
(1507, 302, 3, 2.81, -2),
(1508, 302, 2, 2.2, -2),
(1509, 302, 4, 1.7, -2),
(1510, 302, 5, 2.01, -2),
(1511, 303, 1, 2.4, -2),
(1512, 303, 3, 3.87, -2),
(1513, 303, 2, 2.4, -2),
(1514, 303, 4, 2.2, -2),
(1515, 303, 5, 1.83, -2),
(1516, 304, 1, 2.87, -2),
(1517, 304, 3, 3.71, -2),
(1518, 304, 2, 2.01, -2),
(1519, 304, 4, 1.42, -2),
(1520, 304, 5, 1.66, -2),
(1521, 305, 1, 2.43, -2),
(1522, 305, 3, 3.2, -2),
(1523, 305, 2, 2.3, -2),
(1524, 305, 4, 1.4, -2),
(1525, 305, 5, 1.86, -2),
(1526, 306, 1, 2.95, -2),
(1527, 306, 3, 2.56, -2),
(1528, 306, 2, 1.8, -2),
(1529, 306, 4, 1.96, -2),
(1530, 306, 5, 1.96, -2),
(1531, 307, 1, 3.3, -2),
(1532, 307, 3, 3.36, -2),
(1533, 307, 2, 2.2, -2),
(1534, 307, 4, 1.49, -2),
(1535, 307, 5, 1.7, -2),
(1536, 308, 1, 3.27, -2),
(1537, 308, 3, 3.2, -2),
(1538, 308, 2, 2.9, -2),
(1539, 308, 4, 1.7, -2),
(1540, 308, 5, 1.9, -2),
(1541, 309, 1, 3.39, -2),
(1542, 309, 3, 2.94, -2),
(1543, 309, 2, 2.83, -2),
(1544, 309, 4, 1.59, -2),
(1545, 309, 5, 1.57, -2),
(1546, 310, 1, 3.07, -2),
(1547, 310, 3, 2.46, -2),
(1548, 310, 2, 2.73, -2),
(1549, 310, 4, 1.57, -2),
(1550, 310, 5, 1.94, -2),
(1551, 311, 1, 2.66, -2),
(1552, 311, 3, 2.56, -2),
(1553, 311, 2, 2.71, -2),
(1554, 311, 4, 1.4, -2),
(1555, 311, 5, 2.01, -2),
(1556, 312, 1, 3.53, -2),
(1557, 312, 3, 3.07, -2),
(1558, 312, 2, 2.23, -2),
(1559, 312, 4, 1.73, -2),
(1560, 312, 5, 2.03, -2),
(1561, 313, 1, 2.69, -2),
(1562, 313, 3, 3.68, -2),
(1563, 313, 2, 2.61, -2),
(1564, 313, 4, 1.77, -2),
(1565, 313, 5, 1.7, -2),
(1566, 314, 1, 3.24, -2),
(1567, 314, 3, 3.36, -2),
(1568, 314, 2, 2.37, -2),
(1569, 314, 4, 1.88, -2),
(1570, 314, 5, 2.16, -2),
(1571, 315, 1, 3.39, -2),
(1572, 315, 3, 3.23, -2),
(1573, 315, 2, 2.49, -2),
(1574, 315, 4, 1.49, -2),
(1575, 315, 5, 2.23, -2),
(1576, 316, 1, 2.66, -2),
(1577, 316, 3, 3.36, -2),
(1578, 316, 2, 2.71, -2),
(1579, 316, 4, 2.03, -2),
(1580, 316, 5, 2.01, -2),
(1581, 317, 1, 3.13, -2),
(1582, 317, 3, 3.68, -2),
(1583, 317, 2, 2.2, -2),
(1584, 317, 4, 1.42, -2),
(1585, 317, 5, 1.77, -2),
(1586, 318, 1, 3.24, -2),
(1587, 318, 3, 2.84, -2),
(1588, 318, 2, 1.94, -2),
(1589, 318, 4, 1.48, -2),
(1590, 318, 5, 1.42, -2),
(1591, 319, 1, 2.78, -2),
(1592, 319, 3, 3, -2),
(1593, 319, 2, 2.06, -2),
(1594, 319, 4, 2.03, -2),
(1595, 319, 5, 1.79, -2),
(1596, 320, 1, 2.78, -2),
(1597, 320, 3, 3.8, -2),
(1598, 320, 2, 2.23, -2),
(1599, 320, 4, 1.44, -2),
(1600, 320, 5, 1.79, -2),
(1601, 321, 1, 3.33, -2),
(1602, 321, 3, 3.68, -2),
(1603, 321, 2, 3, -2),
(1604, 321, 4, 1.81, -2),
(1605, 321, 5, 1.88, -2),
(1606, 322, 1, 3.39, -2),
(1607, 322, 3, 3.93, -2),
(1608, 322, 2, 2.54, -2),
(1609, 322, 4, 2.22, -2),
(1610, 322, 5, 1.59, -2),
(1611, 323, 1, 2.29, -2),
(1612, 323, 3, 3.13, -2),
(1613, 323, 2, 2.08, -2),
(1614, 323, 4, 1.62, -2),
(1615, 323, 5, 1.57, -2),
(1616, 324, 1, 3.3, -2),
(1617, 324, 3, 3.64, -2),
(1618, 324, 2, 2.11, -2),
(1619, 324, 4, 1.88, -2),
(1620, 324, 5, 2.27, -2),
(1621, 325, 1, 3.56, -2),
(1622, 325, 3, 3.84, -2),
(1623, 325, 2, 2.01, -2),
(1624, 325, 4, 1.79, -2),
(1625, 325, 5, 1.96, -2),
(1626, 326, 1, 2.55, -2),
(1627, 326, 3, 3.32, -2),
(1628, 326, 2, 2.83, -2),
(1629, 326, 4, 1.38, -2),
(1630, 326, 5, 2.31, -2),
(1631, 327, 1, 2.26, -2),
(1632, 327, 3, 2.81, -2),
(1633, 327, 2, 2.59, -2),
(1634, 327, 4, 1.66, -2),
(1635, 327, 5, 1.85, -2),
(1636, 328, 1, 2.81, -2),
(1637, 328, 3, 2.52, -2),
(1638, 328, 2, 2.83, -2),
(1639, 328, 4, 1.97, -2),
(1640, 328, 5, 1.92, -2),
(1641, 329, 1, 2.34, -2),
(1642, 329, 3, 3.96, -2),
(1643, 329, 2, 1.92, -2),
(1644, 329, 4, 2.2, -2),
(1645, 329, 5, 2.22, -2),
(1646, 330, 1, 3.04, -2),
(1647, 330, 3, 2.88, -2),
(1648, 330, 2, 2.59, -2),
(1649, 330, 4, 1.72, -2),
(1650, 330, 5, 1.79, -2),
(1651, 331, 1, 3.56, -2),
(1652, 331, 3, 2.72, -2),
(1653, 331, 2, 2.3, -2),
(1654, 331, 4, 1.66, -2),
(1655, 331, 5, 1.94, -2),
(1656, 332, 1, 3.62, -2),
(1657, 332, 3, 3.45, -2),
(1658, 332, 2, 2.71, -2),
(1659, 332, 4, 2.09, -2),
(1660, 332, 5, 2.22, -2),
(1661, 333, 1, 3.3, -2),
(1662, 333, 3, 2.91, -2),
(1663, 333, 2, 2.54, -2),
(1664, 333, 4, 2.22, -2),
(1665, 333, 5, 1.38, -2),
(1666, 334, 1, 2.23, -2),
(1667, 334, 3, 3.93, -2),
(1668, 334, 2, 2.08, -2),
(1669, 334, 4, 1.72, -2),
(1670, 334, 5, 1.9, -2),
(1671, 335, 1, 2.9, -2),
(1672, 335, 3, 3.84, -2),
(1673, 335, 2, 2.76, -2),
(1674, 335, 4, 2.27, -2),
(1675, 335, 5, 2.22, -2),
(1676, 336, 1, 2.43, -2),
(1677, 336, 3, 2.84, -2),
(1678, 336, 2, 2.76, -2),
(1679, 336, 4, 1.72, -2),
(1680, 336, 5, 1.48, -2),
(1681, 337, 1, 3.45, -2),
(1682, 337, 3, 2.72, -2),
(1683, 337, 2, 1.8, -2),
(1684, 337, 4, 1.75, -2),
(1685, 337, 5, 1.77, -2),
(1686, 338, 1, 2.66, -2),
(1687, 338, 3, 3.42, -2),
(1688, 338, 2, 2.61, -2),
(1689, 338, 4, 2.01, -2),
(1690, 338, 5, 1.44, -2),
(1691, 339, 1, 2.37, -2),
(1692, 339, 3, 3.23, -2),
(1693, 339, 2, 1.96, -2),
(1694, 339, 4, 1.66, -2),
(1695, 339, 5, 1.68, -2),
(1696, 340, 1, 2.43, -2),
(1697, 340, 3, 3, -2),
(1698, 340, 2, 2.68, -2),
(1699, 340, 4, 1.68, -2),
(1700, 340, 5, 1.86, -2),
(1701, 341, 1, 2.23, -2),
(1702, 341, 3, 3.71, -2),
(1703, 341, 2, 2.32, -2),
(1704, 341, 4, 1.38, -2),
(1705, 341, 5, 1.77, -2),
(1706, 342, 1, 2.92, -2),
(1707, 342, 3, 3.61, -2),
(1708, 342, 2, 2.16, -2),
(1709, 342, 4, 1.66, -2),
(1710, 342, 5, 1.38, -2),
(1711, 343, 1, 2.23, -2),
(1712, 343, 3, 3.87, -2),
(1713, 343, 2, 2.8, -2),
(1714, 343, 4, 1.94, -2),
(1715, 343, 5, 1.99, -2),
(1716, 344, 1, 3.27, -2),
(1717, 344, 3, 3.32, -2),
(1718, 344, 2, 2.42, -2),
(1719, 344, 4, 2.22, -2),
(1720, 344, 5, 1.42, -2),
(1721, 345, 1, 2.72, -2),
(1722, 345, 3, 3.23, -2),
(1723, 345, 2, 2.23, -2),
(1724, 345, 4, 2.22, -2),
(1725, 345, 5, 1.99, -2),
(1726, 346, 1, 2.78, -2),
(1727, 346, 3, 2.46, -2),
(1728, 346, 2, 2.52, -2),
(1729, 346, 4, 1.97, -2),
(1730, 346, 5, 1.55, -2),
(1731, 347, 1, 3.5, -2),
(1732, 347, 3, 2.68, -2),
(1733, 347, 2, 1.84, -2),
(1734, 347, 4, 2.1, -2),
(1735, 347, 5, 1.51, -2),
(1736, 348, 1, 2.26, -2),
(1737, 348, 3, 3.74, -2),
(1738, 348, 2, 2.76, -2),
(1739, 348, 4, 2.05, -2),
(1740, 348, 5, 1.51, -2),
(1741, 349, 1, 2.9, -2),
(1742, 349, 3, 3.58, -2),
(1743, 349, 2, 2.66, -2),
(1744, 349, 4, 1.9, -2),
(1745, 349, 5, 1.92, -2),
(1746, 350, 1, 3.56, -2),
(1747, 350, 3, 3.45, -2),
(1748, 350, 2, 2.04, -2),
(1749, 350, 4, 1.64, -2),
(1750, 350, 5, 1.75, -2),
(1751, 351, 1, 2.49, -2),
(1752, 351, 3, 2.49, -2),
(1753, 351, 2, 1.89, -2),
(1754, 351, 4, 1.64, -2),
(1755, 351, 5, 1.55, -2),
(1756, 352, 1, 2.66, -2),
(1757, 352, 3, 3.55, -2),
(1758, 352, 2, 2.68, -2),
(1759, 352, 4, 1.75, -2),
(1760, 352, 5, 2.2, -2),
(1761, 353, 1, 2.32, -2),
(1762, 353, 3, 3, -2),
(1763, 353, 2, 2.68, -2),
(1764, 353, 4, 2.05, -2),
(1765, 353, 5, 2.12, -2),
(1766, 354, 1, 3.59, -2),
(1767, 354, 3, 3.52, -2),
(1768, 354, 2, 1.92, -2),
(1769, 354, 4, 1.99, -2),
(1770, 354, 5, 1.7, -2),
(1771, 355, 1, 2.29, -2),
(1772, 355, 3, 3.36, -2),
(1773, 355, 2, 2.37, -2),
(1774, 355, 4, 1.62, -2),
(1775, 355, 5, 2.22, -2),
(1776, 356, 1, 3.3, -2),
(1777, 356, 3, 3.9, -2),
(1778, 356, 2, 2.11, -2),
(1779, 356, 4, 1.86, -2),
(1780, 356, 5, 1.44, -2),
(1781, 357, 1, 3.62, -2),
(1782, 357, 3, 3.74, -2),
(1783, 357, 2, 2.73, -2),
(1784, 357, 4, 1.68, -2),
(1785, 357, 5, 1.64, -2),
(1786, 358, 1, 2.92, -2),
(1787, 358, 3, 2.49, -2),
(1788, 358, 2, 2.54, -2),
(1789, 358, 4, 1.79, -2),
(1790, 358, 5, 2.03, -2),
(1791, 359, 1, 3.27, -2),
(1792, 359, 3, 3.29, -2),
(1793, 359, 2, 2.13, -2),
(1794, 359, 4, 1.48, -2),
(1795, 359, 5, 1.83, -2),
(1796, 360, 1, 2.98, -2),
(1797, 360, 3, 3.45, -2),
(1798, 360, 2, 1.99, -2),
(1799, 360, 4, 2.2, -2),
(1800, 360, 5, 1.46, -2),
(1801, 361, 1, 2.23, -2),
(1802, 361, 3, 3.16, -2),
(1803, 361, 2, 2.42, -2),
(1804, 361, 4, 1.88, -2),
(1805, 361, 5, 1.7, -2),
(1806, 362, 1, 2.92, -2),
(1807, 362, 3, 3.9, -2),
(1808, 362, 2, 2.11, -2),
(1809, 362, 4, 2.05, -2),
(1810, 362, 5, 1.86, -2),
(1811, 363, 1, 2.95, -2),
(1812, 363, 3, 2.75, -2),
(1813, 363, 2, 2.76, -2),
(1814, 363, 4, 1.68, -2),
(1815, 363, 5, 1.92, -2),
(1816, 364, 1, 2.9, -2),
(1817, 364, 3, 3.48, -2),
(1818, 364, 2, 2.76, -2),
(1819, 364, 4, 1.81, -2),
(1820, 364, 5, 1.6, -2),
(1821, 365, 1, 2.55, -2),
(1822, 365, 3, 3.26, -2),
(1823, 365, 2, 2.47, -2),
(1824, 365, 4, 1.57, -2),
(1825, 365, 5, 1.81, -2),
(1826, 366, 1, 2.46, -2),
(1827, 366, 3, 3.07, -2),
(1828, 366, 2, 2.85, -2),
(1829, 366, 4, 1.53, -2),
(1830, 366, 5, 1.79, -2),
(1831, 367, 1, 3.01, -2),
(1832, 367, 3, 3.8, -2),
(1833, 367, 2, 2.35, -2),
(1834, 367, 4, 2.09, -2),
(1835, 367, 5, 1.7, -2),
(1836, 368, 1, 2.9, -2),
(1837, 368, 3, 3.96, -2),
(1838, 368, 2, 1.99, -2),
(1839, 368, 4, 1.48, -2),
(1840, 368, 5, 1.64, -2),
(1841, 369, 1, 3.59, -2),
(1842, 369, 3, 3.8, -2),
(1843, 369, 2, 2.85, -2),
(1844, 369, 4, 1.99, -2),
(1845, 369, 5, 1.79, -2),
(1846, 370, 1, 2.81, -2),
(1847, 370, 3, 3.64, -2),
(1848, 370, 2, 3, -2),
(1849, 370, 4, 1.38, -2),
(1850, 370, 5, 2.14, -2),
(1851, 371, 1, 3.5, -2),
(1852, 371, 3, 2.4, -2),
(1853, 371, 2, 2.88, -2),
(1854, 371, 4, 2.01, -2),
(1855, 371, 5, 2.2, -2),
(1856, 372, 1, 3.07, -2),
(1857, 372, 3, 2.4, -2),
(1858, 372, 2, 1.84, -2),
(1859, 372, 4, 1.53, -2),
(1860, 372, 5, 1.48, -2),
(1861, 373, 1, 3.21, -2),
(1862, 373, 3, 3.9, -2),
(1863, 373, 2, 2.56, -2),
(1864, 373, 4, 1.57, -2),
(1865, 373, 5, 2.25, -2),
(1866, 374, 1, 3.01, -2),
(1867, 374, 3, 2.97, -2),
(1868, 374, 2, 2.56, -2),
(1869, 374, 4, 2.25, -2),
(1870, 374, 5, 2.16, -2),
(1871, 375, 1, 3.1, -2),
(1872, 375, 3, 3.23, -2),
(1873, 375, 2, 2.18, -2),
(1874, 375, 4, 1.85, -2),
(1875, 375, 5, 1.62, -2),
(1876, 376, 1, 3.16, -2),
(1877, 376, 3, 3.26, -2),
(1878, 376, 2, 1.94, -2),
(1879, 376, 4, 2.2, -2),
(1880, 376, 5, 2.18, -2),
(1881, 377, 1, 2.55, -2),
(1882, 377, 3, 3.13, -2),
(1883, 377, 2, 1.96, -2),
(1884, 377, 4, 2.07, -2),
(1885, 377, 5, 1.4, -2),
(1886, 378, 1, 3.3, -2),
(1887, 378, 3, 3.29, -2),
(1888, 378, 2, 1.8, -2),
(1889, 378, 4, 2.29, -2),
(1890, 378, 5, 2.01, -2),
(1891, 379, 1, 2.87, -2),
(1892, 379, 3, 2.46, -2),
(1893, 379, 2, 2.83, -2),
(1894, 379, 4, 2.27, -2),
(1895, 379, 5, 2.05, -2),
(1896, 380, 1, 3.33, -2),
(1897, 380, 3, 2.94, -2),
(1898, 380, 2, 2.54, -2),
(1899, 380, 4, 1.66, -2),
(1900, 380, 5, 2.22, -2);

-- --------------------------------------------------------

--
-- Struttura della tabella `quote_giocate`
--

CREATE TABLE IF NOT EXISTS `quote_giocate` (
  `ID_quota_giocata` int(11) NOT NULL AUTO_INCREMENT,
  `ID_giocata` int(11) NOT NULL,
  `ID_quota_disponibile` int(11) NOT NULL,
  PRIMARY KEY (`ID_quota_giocata`)
) ENGINE=InnoDB  DEFAULT CHARSET=utf8 COLLATE=utf8_unicode_ci AUTO_INCREMENT=21 ;

--
-- Dump dei dati per la tabella `quote_giocate`
--

INSERT INTO `quote_giocate` (`ID_quota_giocata`, `ID_giocata`, `ID_quota_disponibile`) VALUES
(1, 1, 7),
(2, 1, 10),
(3, 1, 13),
(4, 2, 210),
(5, 2, 216),
(6, 2, 231),
(7, 3, 446),
(8, 3, 453),
(9, 3, 460),
(10, 3, 471),
(11, 4, 706),
(12, 4, 713),
(13, 4, 725),
(14, 5, 701),
(15, 5, 713),
(16, 5, 748),
(17, 6, 703),
(18, 6, 708),
(19, 6, 711),
(20, 6, 746);

-- --------------------------------------------------------

--
-- Struttura della tabella `risultati_disponibili`
--

CREATE TABLE IF NOT EXISTS `risultati_disponibili` (
  `ID_risultato` int(11) NOT NULL AUTO_INCREMENT,
  `ID_gruppo` int(11) NOT NULL,
  `descrizione` varchar(50) COLLATE utf8_unicode_ci NOT NULL,
  `ordine` int(11) NOT NULL,
  PRIMARY KEY (`ID_risultato`)
) ENGINE=InnoDB  DEFAULT CHARSET=utf8 COLLATE=utf8_unicode_ci AUTO_INCREMENT=11 ;

--
-- Dump dei dati per la tabella `risultati_disponibili`
--

INSERT INTO `risultati_disponibili` (`ID_risultato`, `ID_gruppo`, `descrizione`, `ordine`) VALUES
(1, 1, '1', 1),
(2, 1, '2', 3),
(3, 1, 'X', 2),
(4, 2, 'G/G', 1),
(5, 2, 'No/G', 2),
(6, 3, 'Under', 1),
(7, 3, 'Over', 2),
(8, 4, '1/X', 1),
(9, 4, 'X/2', 2),
(10, 4, '1/2', 3);

/*!40101 SET CHARACTER_SET_CLIENT=@OLD_CHARACTER_SET_CLIENT */;
/*!40101 SET CHARACTER_SET_RESULTS=@OLD_CHARACTER_SET_RESULTS */;
/*!40101 SET COLLATION_CONNECTION=@OLD_COLLATION_CONNECTION */;
